SYMBOL,TYPE
FLWS,COMMON STOCK
TXG,COMMON STOCK
TURN,COMMON STOCK
ATNF,COMMON STOCK
BCOW,COMMON STOCK
SRCE,COMMON STOCK
DIBS,COMMON STOCK
XXII,COMMON STOCK
ME,COMMON STOCK
TSVT,COMMON STOCK
SCWO,COMMON STOCK
FDMT,COMMON STOCK
FEAM,COMMON STOCK
SXTP,COMMON STOCK
ETNB,COMMON STOCK
MASS,COMMON STOCK
AMRK,COMMON STOCK
AZ,COMMON STOCK
AADI,COMMON STOCK
AAON,COMMON STOCK
ABL,COMMON STOCK
ABCL,COMMON STOCK
ABEO,COMMON STOCK
ABTS,COMMON STOCK
ABLV,COMMON STOCK
ABVE,COMMON STOCK
ABP,COMMON STOCK
ABSI,COMMON STOCK
ABVC,COMMON STOCK
ACIU,COMMON STOCK
ACTG,COMMON STOCK
ASO,COMMON STOCK
ACHC,COMMON STOCK
ACAD,COMMON STOCK
AXDX,COMMON STOCK
ACCD,COMMON STOCK
ARAY,COMMON STOCK
SLRN,COMMON STOCK
ACHV,COMMON STOCK
ACIW,COMMON STOCK
ACON,COMMON STOCK
ACRS,COMMON STOCK
ACMR,COMMON STOCK
ACNB,COMMON STOCK
ACRV,COMMON STOCK
ASNS,COMMON STOCK
ACTU,COMMON STOCK
ABOS,COMMON STOCK
ACXP,COMMON STOCK
ACVA,COMMON STOCK
ADGM,COMMON STOCK
AHCO,COMMON STOCK
ADPT,COMMON STOCK
ATXG,COMMON STOCK
ADUS,COMMON STOCK
ADEA,COMMON STOCK
ADIL,COMMON STOCK
ACET,COMMON STOCK
ADTX,COMMON STOCK
ADMA,COMMON STOCK
ADBE,COMMON STOCK
ADSE,COMMON STOCK
ADTN,COMMON STOCK
ADUR,COMMON STOCK
AEIS,COMMON STOCK
AFCG,COMMON STOCK
AMD,COMMON STOCK
ADV,COMMON STOCK
ADN,COMMON STOCK
ADVM,COMMON STOCK
AEHR,COMMON STOCK
AMTX,COMMON STOCK
AERT,COMMON STOCK
AVTE,COMMON STOCK
AVAV,COMMON STOCK
ASLE,COMMON STOCK
AEMD,COMMON STOCK
LIDR,COMMON STOCK
AFMD,COMMON STOCK
AFBI,COMMON STOCK
AFRM,COMMON STOCK
AFYA,COMMON STOCK
ATPC,COMMON STOCK
AGEN,COMMON STOCK
AGYS,COMMON STOCK
AGIO,COMMON STOCK
AGMH,COMMON STOCK
AGNC,COMMON STOCK
ANSC,COMMON STOCK
AGRI,COMMON STOCK
AGFY,COMMON STOCK
AITR,COMMON STOCK
ALRN,COMMON STOCK
AFJK,COMMON STOCK
AIMD,COMMON STOCK
AIRT,COMMON STOCK
ATSG,COMMON STOCK
ABNB,COMMON STOCK
AIRG,COMMON STOCK
AIRJ,COMMON STOCK
AIRS,COMMON STOCK
AISP,COMMON STOCK
AKAM,COMMON STOCK
AKAN,COMMON STOCK
AKBA,COMMON STOCK
AKRO,COMMON STOCK
AKTS,COMMON STOCK
AKYA,COMMON STOCK
ALRM,COMMON STOCK
TCRT,COMMON STOCK
ALCY,COMMON STOCK
ALDX,COMMON STOCK
ALEC,COMMON STOCK
ALRS,COMMON STOCK
ASTL,COMMON STOCK
RIME,COMMON STOCK
ALCO,COMMON STOCK
ALGN,COMMON STOCK
ALHC,COMMON STOCK
ALGS,COMMON STOCK
ALKT,COMMON STOCK
ALKS,COMMON STOCK
ALLK,COMMON STOCK
ALLR,COMMON STOCK
BIRD,COMMON STOCK
ALGT,COMMON STOCK
ALGM,COMMON STOCK
AENT,COMMON STOCK
ARLP,COMMON STOCK
LNT,COMMON STOCK
AGAE,COMMON STOCK
ALNT,COMMON STOCK
ALLO,COMMON STOCK
ALLT,COMMON STOCK
ALVR,COMMON STOCK
ALNY,COMMON STOCK
AOSL,COMMON STOCK
ACOG,COMMON STOCK
ALSA,COMMON STOCK
DRTS,COMMON STOCK
ATGL,COMMON STOCK
TKNO,COMMON STOCK
GOOG,COMMON STOCK
GOOGL,COMMON STOCK
ATEC,COMMON STOCK
ATMC,COMMON STOCK
AEI,COMMON STOCK
ALTS,COMMON STOCK
ALTR,COMMON STOCK
CYTO,COMMON STOCK
ALCE,COMMON STOCK
ALTI,COMMON STOCK
ALT,COMMON STOCK
ASPS,COMMON STOCK
ALTO,COMMON STOCK
ALMS,COMMON STOCK
ALVO,COMMON STOCK
ALXO,COMMON STOCK
ALZN,COMMON STOCK
AMAL,COMMON STOCK
AMZN,COMMON STOCK
AMBA,COMMON STOCK
AMCX,COMMON STOCK
DOX,COMMON STOCK
AMED,COMMON STOCK
CRMT,COMMON STOCK
AAL,COMMON STOCK
ABAT,COMMON STOCK
ACIC,COMMON STOCK
AEP,COMMON STOCK
AMLI,COMMON STOCK
AOUT,COMMON STOCK
APEI,COMMON STOCK
AREB,COMMON STOCK
AREC,COMMON STOCK
AMSC,COMMON STOCK
AMWD,COMMON STOCK
AMSF,COMMON STOCK
ASRV,COMMON STOCK
ATLO,COMMON STOCK
AMST,COMMON STOCK
AMGN,COMMON STOCK
FOLD,COMMON STOCK
AMKR,COMMON STOCK
POWW,COMMON STOCK
AMRX,COMMON STOCK
AMPH,COMMON STOCK
AMPG,COMMON STOCK
AMPL,COMMON STOCK
ASYS,COMMON STOCK
AMLX,COMMON STOCK
ANTX,COMMON STOCK
ADI,COMMON STOCK
ANAB,COMMON STOCK
AVXL,COMMON STOCK
POLE,COMMON STOCK
ANEB,COMMON STOCK
ANGH,COMMON STOCK
ANGI,COMMON STOCK
ANGO,COMMON STOCK
ANIP,COMMON STOCK
ANIK,COMMON STOCK
ANIX,COMMON STOCK
ANNX,COMMON STOCK
ANSS,COMMON STOCK
AEHL,COMMON STOCK
ATEX,COMMON STOCK
APA,COMMON STOCK
APLS,COMMON STOCK
APOG,COMMON STOCK
APGE,COMMON STOCK
APLM,COMMON STOCK
APPF,COMMON STOCK
APPN,COMMON STOCK
AAPL,COMMON STOCK
APLD,COMMON STOCK
APDN,COMMON STOCK
AMAT,COMMON STOCK
AAOI,COMMON STOCK
APLT,COMMON STOCK
APP,COMMON STOCK
APCX,COMMON STOCK
APRE,COMMON STOCK
APVO,COMMON STOCK
APM,COMMON STOCK
APTO,COMMON STOCK
APXI,COMMON STOCK
APYX,COMMON STOCK
AQMS,COMMON STOCK
AQB,COMMON STOCK
AQU,COMMON STOCK
AQST,COMMON STOCK
ARBB,COMMON STOCK
ARBE,COMMON STOCK
ABUS,COMMON STOCK
RKDA,COMMON STOCK
ARCB,COMMON STOCK
ACLX,COMMON STOCK
ACGL,COMMON STOCK
ARCT,COMMON STOCK
ARQT,COMMON STOCK
ARDX,COMMON STOCK
ARCC,COMMON STOCK
ARHS,COMMON STOCK
ARKR,COMMON STOCK
ARKO,COMMON STOCK
BTOC,COMMON STOCK
ARQ,COMMON STOCK
ARQQ,COMMON STOCK
ARRY,COMMON STOCK
AVBP,COMMON STOCK
AROW,COMMON STOCK
ARWR,COMMON STOCK
BANX,COMMON STOCK
SPRY,COMMON STOCK
ARTW,COMMON STOCK
ARTL,COMMON STOCK
AIP,COMMON STOCK
ARTNA,COMMON STOCK
ARTV,COMMON STOCK
ARVN,COMMON STOCK
ACNT,COMMON STOCK
ASTI,COMMON STOCK
APWC,COMMON STOCK
ASPI,COMMON STOCK
AZPN,COMMON STOCK
AWH,COMMON STOCK
ASMB,COMMON STOCK
ASRT,COMMON STOCK
ASST,COMMON STOCK
ASTS,COMMON STOCK
ASTE,COMMON STOCK
ALAB,COMMON STOCK
ASTH,COMMON STOCK
ATXS,COMMON STOCK
ATRO,COMMON STOCK
ALOT,COMMON STOCK
ASTC,COMMON STOCK
ASUR,COMMON STOCK
ATAI,COMMON STOCK
ATRA,COMMON STOCK
AVIR,COMMON STOCK
ATER,COMMON STOCK
ATHA,COMMON STOCK
ATIF,COMMON STOCK
BATRA,COMMON STOCK
BATRK,COMMON STOCK
AAME,COMMON STOCK
AY,COMMON STOCK
ATLC,COMMON STOCK
ATLX,COMMON STOCK
TEAM,COMMON STOCK
ATNI,COMMON STOCK
ATOM,COMMON STOCK
ATOS,COMMON STOCK
ATRC,COMMON STOCK
ATYR,COMMON STOCK
AUBN,COMMON STOCK
AUUD,COMMON STOCK
AUDC,COMMON STOCK
AEYE,COMMON STOCK
AURA,COMMON STOCK
AUPH,COMMON STOCK
ACB,COMMON STOCK
AUR,COMMON STOCK
COOT,COMMON STOCK
AUID,COMMON STOCK
ADSK,COMMON STOCK
ADP,COMMON STOCK
AMIX,COMMON STOCK
AZI,COMMON STOCK
AVDL,COMMON STOCK
AVTX,COMMON STOCK
ALBT,COMMON STOCK
AVAH,COMMON STOCK
ATXI,COMMON STOCK
AVPT,COMMON STOCK
AVNW,COMMON STOCK
CDMO,COMMON STOCK
RNA,COMMON STOCK
AVDX,COMMON STOCK
AVGR,COMMON STOCK
CAR,COMMON STOCK
RCEL,COMMON STOCK
AVT,COMMON STOCK
AWRE,COMMON STOCK
ACLS,COMMON STOCK
AXGN,COMMON STOCK
AXON,COMMON STOCK
AXSM,COMMON STOCK
AXTI,COMMON STOCK
AYRO,COMMON STOCK
AYTU,COMMON STOCK
AZTA,COMMON STOCK
RILY,COMMON STOCK
BOSC,COMMON STOCK
BLZE,COMMON STOCK
RTC,COMMON STOCK
BDMD,COMMON STOCK
BKR,COMMON STOCK
BCPC,COMMON STOCK
BLDP,COMMON STOCK
BANF,COMMON STOCK
BAND,COMMON STOCK
BFC,COMMON STOCK
BMRC,COMMON STOCK
BOTJ,COMMON STOCK
OZK,COMMON STOCK
BSVN,COMMON STOCK
BFIN,COMMON STOCK
BWFG,COMMON STOCK
BANR,COMMON STOCK
BNIX,COMMON STOCK
BNZI,COMMON STOCK
BAOS,COMMON STOCK
BRFH,COMMON STOCK
BBSI,COMMON STOCK
BSET,COMMON STOCK
BCML,COMMON STOCK
BAFN,COMMON STOCK
BCBP,COMMON STOCK
BECN,COMMON STOCK
BEEM,COMMON STOCK
BEAM,COMMON STOCK
BMR,COMMON STOCK
BBGI,COMMON STOCK
BELFA,COMMON STOCK
BELFB,COMMON STOCK
BLAC,COMMON STOCK
BENF,COMMON STOCK
BNTC,COMMON STOCK
BHIL,COMMON STOCK
BSY,COMMON STOCK
BRY,COMMON STOCK
BETR,COMMON STOCK
XAIR,COMMON STOCK
BYND,COMMON STOCK
BYSI,COMMON STOCK
BGC,COMMON STOCK
BGM,COMMON STOCK
BCAX,COMMON STOCK
BGFV,COMMON STOCK
DSY,COMMON STOCK
BIGC,COMMON STOCK
BCG,COMMON STOCK
BKYI,COMMON STOCK
BPTH,COMMON STOCK
TECH,COMMON STOCK
BIAF,COMMON STOCK
BIOA,COMMON STOCK
BCAB,COMMON STOCK
BCDA,COMMON STOCK
BIOX,COMMON STOCK
BCRX,COMMON STOCK
BDSX,COMMON STOCK
BFRI,COMMON STOCK
BIIB,COMMON STOCK
BHST,COMMON STOCK
BLFS,COMMON STOCK
BMRN,COMMON STOCK
BMEA,COMMON STOCK
BMRA,COMMON STOCK
BNGO,COMMON STOCK
BGLC,COMMON STOCK
BIOR,COMMON STOCK
BRTX,COMMON STOCK
BSGM,COMMON STOCK
BTMD,COMMON STOCK
BVS,COMMON STOCK
BIVI,COMMON STOCK
BTAI,COMMON STOCK
BTBT,COMMON STOCK
BTOG,COMMON STOCK
BTM,COMMON STOCK
BTDR,COMMON STOCK
BITF,COMMON STOCK
FUFU,COMMON STOCK
BJRI,COMMON STOCK
BDTX,COMMON STOCK
BKHA,COMMON STOCK
BSII,COMMON STOCK
BLKB,COMMON STOCK
BLBX,COMMON STOCK
BL,COMMON STOCK
TCPC,COMMON STOCK
BLDE,COMMON STOCK
BLNK,COMMON STOCK
BLMN,COMMON STOCK
BLMZ,COMMON STOCK
BLBD,COMMON STOCK
BLFY,COMMON STOCK
BHAT,COMMON STOCK
BOCN,COMMON STOCK
BSFC,COMMON STOCK
BLUE,COMMON STOCK
BJDX,COMMON STOCK
BPMC,COMMON STOCK
BSBK,COMMON STOCK
BOKF,COMMON STOCK
BOLT,COMMON STOCK
BSLK,COMMON STOCK
BON,COMMON STOCK
BBLG,COMMON STOCK
BKNG,COMMON STOCK
BRLS,COMMON STOCK
BOLD,COMMON STOCK
BOWN,COMMON STOCK
BWMN,COMMON STOCK
BOXL,COMMON STOCK
BRAG,COMMON STOCK
BCLI,COMMON STOCK
BOF,COMMON STOCK
BNAI,COMMON STOCK
BRZE,COMMON STOCK
BNRG,COMMON STOCK
BREA,COMMON STOCK
BCTX,COMMON STOCK
BBIO,COMMON STOCK
BLIN,COMMON STOCK
BAER,COMMON STOCK
BWB,COMMON STOCK
BRID,COMMON STOCK
DRUG,COMMON STOCK
BCOV,COMMON STOCK
BHF,COMMON STOCK
BTSG,COMMON STOCK
BRLT,COMMON STOCK
BRAC,COMMON STOCK
AVGO,COMMON STOCK
BYFC,COMMON STOCK
BWEN,COMMON STOCK
BROG,COMMON STOCK
BRKL,COMMON STOCK
DOOO,COMMON STOCK
BRKR,COMMON STOCK
BTBD,COMMON STOCK
BTCT,COMMON STOCK
BTCS,COMMON STOCK
BUJA,COMMON STOCK
BFRG,COMMON STOCK
BMBL,COMMON STOCK
BHRB,COMMON STOCK
BRKH,COMMON STOCK
BFST,COMMON STOCK
BZFD,COMMON STOCK
BVFL,COMMON STOCK
BYNO,COMMON STOCK
BYRN,COMMON STOCK
CHRW,COMMON STOCK
CFFI,COMMON STOCK
CISS,COMMON STOCK
CCCC,COMMON STOCK
CABA,COMMON STOCK
CDNS,COMMON STOCK
CDZI,COMMON STOCK
CVKD,COMMON STOCK
CZR,COMMON STOCK
CSTE,COMMON STOCK
CALM,COMMON STOCK
CVGW,COMMON STOCK
CALC,COMMON STOCK
CWD,COMMON STOCK
BCAL,COMMON STOCK
CLMT,COMMON STOCK
CMBM,COMMON STOCK
CAC,COMMON STOCK
CAMP,COMMON STOCK
CAMT,COMMON STOCK
CSIQ,COMMON STOCK
CADL,COMMON STOCK
GOEV,COMMON STOCK
CGC,COMMON STOCK
CTLP,COMMON STOCK
CPHC,COMMON STOCK
CEP,COMMON STOCK
CBNK,COMMON STOCK
CCBG,COMMON STOCK
CCEC,COMMON STOCK
CSWC,COMMON STOCK
CFFN,COMMON STOCK
CAPR,COMMON STOCK
CAPT,COMMON STOCK
CARA,COMMON STOCK
HTCO,COMMON STOCK
CREV,COMMON STOCK
CRDF,COMMON STOCK
CDIO,COMMON STOCK
CRDL,COMMON STOCK
CDLX,COMMON STOCK
CCLD,COMMON STOCK
CDNA,COMMON STOCK
CMAX,COMMON STOCK
CRGX,COMMON STOCK
CARG,COMMON STOCK
CRBU,COMMON STOCK
CARM,COMMON STOCK
CGBD,COMMON STOCK
CTCX,COMMON STOCK
PRTS,COMMON STOCK
CARE,COMMON STOCK
RENE,COMMON STOCK
RNAC,COMMON STOCK
CITE,COMMON STOCK
CARV,COMMON STOCK
CWST,COMMON STOCK
CASY,COMMON STOCK
CASI,COMMON STOCK
CASS,COMMON STOCK
SAVA,COMMON STOCK
CSTL,COMMON STOCK
CTRM,COMMON STOCK
CLST,COMMON STOCK
CPRX,COMMON STOCK
CATY,COMMON STOCK
CVCO,COMMON STOCK
CAPN,COMMON STOCK
CBFV,COMMON STOCK
CBAT,COMMON STOCK
BANL,COMMON STOCK
CCCS,COMMON STOCK
CCTG,COMMON STOCK
CDTG,COMMON STOCK
CDW,COMMON STOCK
CEAD,COMMON STOCK
CECO,COMMON STOCK
CELC,COMMON STOCK
CLDX,COMMON STOCK
CLBT,COMMON STOCK
CLRB,COMMON STOCK
CELH,COMMON STOCK
CELU,COMMON STOCK
CETX,COMMON STOCK
CENN,COMMON STOCK
CENT,COMMON STOCK
CENTA,COMMON STOCK
CPBI,COMMON STOCK
ALF,COMMON STOCK
CENX,COMMON STOCK
CNTY,COMMON STOCK
IPSC,COMMON STOCK
CPTN,COMMON STOCK
CRNT,COMMON STOCK
CRNC,COMMON STOCK
CBLL,COMMON STOCK
CERO,COMMON STOCK
CERT,COMMON STOCK
CERS,COMMON STOCK
CRVO,COMMON STOCK
CEVA,COMMON STOCK
CFFS,COMMON STOCK
CFBK,COMMON STOCK
CFSB,COMMON STOCK
CGON,COMMON STOCK
CSBR,COMMON STOCK
CHX,COMMON STOCK
CHSN,COMMON STOCK
CTHR,COMMON STOCK
CHTR,COMMON STOCK
CCG,COMMON STOCK
CHKP,COMMON STOCK
CHEK,COMMON STOCK
CKPT,COMMON STOCK
CHR,COMMON STOCK
CTNT,COMMON STOCK
CHMG,COMMON STOCK
LIEN,COMMON STOCK
REFI,COMMON STOCK
CJET,COMMON STOCK
CMRX,COMMON STOCK
CAAS,COMMON STOCK
CJJD,COMMON STOCK
CLEU,COMMON STOCK
CHNR,COMMON STOCK
SXTC,COMMON STOCK
COFS,COMMON STOCK
CHRD,COMMON STOCK
CDXC,COMMON STOCK
CCIX,COMMON STOCK
CHDN,COMMON STOCK
CBUS,COMMON STOCK
CDTX,COMMON STOCK
IMG,COMMON STOCK
CMPR,COMMON STOCK
CINF,COMMON STOCK
CNVS,COMMON STOCK
CING,COMMON STOCK
CTAS,COMMON STOCK
CIFR,COMMON STOCK
CRUS,COMMON STOCK
CSCO,COMMON STOCK
CISO,COMMON STOCK
CTRN,COMMON STOCK
CTOR,COMMON STOCK
CTXR,COMMON STOCK
CZNC,COMMON STOCK
CZWI,COMMON STOCK
CZFS,COMMON STOCK
CHCO,COMMON STOCK
CIVB,COMMON STOCK
CLAR,COMMON STOCK
CLNE,COMMON STOCK
CETY,COMMON STOCK
CLSK,COMMON STOCK
CLFD,COMMON STOCK
CMND,COMMON STOCK
CLRO,COMMON STOCK
CLPT,COMMON STOCK
CLSD,COMMON STOCK
CLIR,COMMON STOCK
CLNN,COMMON STOCK
CLIK,COMMON STOCK
CLRC,COMMON STOCK
CLYM,COMMON STOCK
CLMB,COMMON STOCK
CLOV,COMMON STOCK
CLPS,COMMON STOCK
CME,COMMON STOCK
CNEY,COMMON STOCK
CCNE,COMMON STOCK
CNSP,COMMON STOCK
CODX,COMMON STOCK
CCB,COMMON STOCK
COKE,COMMON STOCK
CCEP,COMMON STOCK
COCP,COMMON STOCK
CODA,COMMON STOCK
CDRO,COMMON STOCK
CDXS,COMMON STOCK
COEP,COMMON STOCK
JVA,COMMON STOCK
COGT,COMMON STOCK
CCOI,COMMON STOCK
CGNX,COMMON STOCK
CGTX,COMMON STOCK
CTSH,COMMON STOCK
CGNT,COMMON STOCK
CHRS,COMMON STOCK
COHU,COMMON STOCK
COIN,COMMON STOCK
MITA,COMMON STOCK
COLL,COMMON STOCK
CIGI,COMMON STOCK
CLGN,COMMON STOCK
ADD,COMMON STOCK
COLB,COMMON STOCK
CLBK,COMMON STOCK
COLM,COMMON STOCK
CMCO,COMMON STOCK
CMCSA,COMMON STOCK
CBSH,COMMON STOCK
CVGI,COMMON STOCK
COMM,COMMON STOCK
CTBI,COMMON STOCK
CWBC,COMMON STOCK
CVLT,COMMON STOCK
CMPX,COMMON STOCK
CSLR,COMMON STOCK
CMPO,COMMON STOCK
CGEN,COMMON STOCK
SCOR,COMMON STOCK
CHCI,COMMON STOCK
CMTL,COMMON STOCK
CNXC,COMMON STOCK
BBCP,COMMON STOCK
CNDT,COMMON STOCK
CDT,COMMON STOCK
CFLT,COMMON STOCK
CNFR,COMMON STOCK
CNTM,COMMON STOCK
CNOB,COMMON STOCK
YYAI,COMMON STOCK
CCSI,COMMON STOCK
CNSL,COMMON STOCK
CWCO,COMMON STOCK
CEG,COMMON STOCK
ROAD,COMMON STOCK
CPSS,COMMON STOCK
CNTX,COMMON STOCK
LOGC,COMMON STOCK
CTNM,COMMON STOCK
CPRT,COMMON STOCK
CRBP,COMMON STOCK
CORT,COMMON STOCK
CORZ,COMMON STOCK
CRMD,COMMON STOCK
CRSR,COMMON STOCK
CRVL,COMMON STOCK
CRVS,COMMON STOCK
CSCI,COMMON STOCK
COSM,COMMON STOCK
CSGP,COMMON STOCK
COST,COMMON STOCK
BASE,COMMON STOCK
COYA,COMMON STOCK
PMTS,COMMON STOCK
CPSH,COMMON STOCK
CRAI,COMMON STOCK
CBRL,COMMON STOCK
CMCT,COMMON STOCK
CELZ,COMMON STOCK
CREX,COMMON STOCK
CACC,COMMON STOCK
CRDO,COMMON STOCK
CCAP,COMMON STOCK
CXDO,COMMON STOCK
CRCT,COMMON STOCK
CRNX,COMMON STOCK
CRSP,COMMON STOCK
CRML,COMMON STOCK
CROX,COMMON STOCK
CRON,COMMON STOCK
CCRN,COMMON STOCK
CFB,COMMON STOCK
CRWD,COMMON STOCK
CRWS,COMMON STOCK
CRKN,COMMON STOCK
CGBS,COMMON STOCK
CYRX,COMMON STOCK
CSGS,COMMON STOCK
CSLM,COMMON STOCK
CSPI,COMMON STOCK
CSWI,COMMON STOCK
CSX,COMMON STOCK
CUE,COMMON STOCK
CGEM,COMMON STOCK
CPIX,COMMON STOCK
CMLS,COMMON STOCK
CVAC,COMMON STOCK
CURI,COMMON STOCK
CRIS,COMMON STOCK
CURR,COMMON STOCK
CUTR,COMMON STOCK
CVBF,COMMON STOCK
CVV,COMMON STOCK
CVRX,COMMON STOCK
CXAI,COMMON STOCK
CYBR,COMMON STOCK
CYCC,COMMON STOCK
CYCN,COMMON STOCK
CYTH,COMMON STOCK
CYN,COMMON STOCK
CTKB,COMMON STOCK
CYTK,COMMON STOCK
GDTC,COMMON STOCK
CTMX,COMMON STOCK
CTSO,COMMON STOCK
DJCO,COMMON STOCK
DAKT,COMMON STOCK
DALN,COMMON STOCK
DMN,COMMON STOCK
DARE,COMMON STOCK
DRIO,COMMON STOCK
DAIO,COMMON STOCK
DTST,COMMON STOCK
DDOG,COMMON STOCK
DTSS,COMMON STOCK
DATS,COMMON STOCK
PLAY,COMMON STOCK
DAVE,COMMON STOCK
DTCK,COMMON STOCK
DWSN,COMMON STOCK
DXR,COMMON STOCK
DAWN,COMMON STOCK
DH,COMMON STOCK
DCTH,COMMON STOCK
DECA,COMMON STOCK
DNLI,COMMON STOCK
DENN,COMMON STOCK
XRAY,COMMON STOCK
DRMA,COMMON STOCK
DSGN,COMMON STOCK
DXLG,COMMON STOCK
DSWL,COMMON STOCK
DEVS,COMMON STOCK
DXCM,COMMON STOCK
DMAC,COMMON STOCK
DHIL,COMMON STOCK
FANG,COMMON STOCK
DNTH,COMMON STOCK
DGII,COMMON STOCK
FAAS,COMMON STOCK
DGHI,COMMON STOCK
DMRC,COMMON STOCK
DGLY,COMMON STOCK
DBGI,COMMON STOCK
APPS,COMMON STOCK
DHAI,COMMON STOCK
DCOM,COMMON STOCK
DIOD,COMMON STOCK
DRCT,COMMON STOCK
IRON,COMMON STOCK
DIST,COMMON STOCK
DSGR,COMMON STOCK
DHC,COMMON STOCK
DLHC,COMMON STOCK
DLO,COMMON STOCK
BOOM,COMMON STOCK
DCBO,COMMON STOCK
DCGO,COMMON STOCK
DOCU,COMMON STOCK
DOGZ,COMMON STOCK
DWTX,COMMON STOCK
DLTR,COMMON STOCK
DLPN,COMMON STOCK
DOMH,COMMON STOCK
DOMO,COMMON STOCK
DGICA,COMMON STOCK
DGICB,COMMON STOCK
DASH,COMMON STOCK
DMLP,COMMON STOCK
DORM,COMMON STOCK
DKNG,COMMON STOCK
DPRO,COMMON STOCK
DFLI,COMMON STOCK
DTI,COMMON STOCK
DRVN,COMMON STOCK
DBX,COMMON STOCK
DYCQ,COMMON STOCK
DTSQ,COMMON STOCK
DUET,COMMON STOCK
DLTH,COMMON STOCK
DUOL,COMMON STOCK
DUOT,COMMON STOCK
DRRX,COMMON STOCK
DXPE,COMMON STOCK
DYAI,COMMON STOCK
DVAX,COMMON STOCK
DYN,COMMON STOCK
EJH,COMMON STOCK
EBMT,COMMON STOCK
EGBN,COMMON STOCK
EWBC,COMMON STOCK
EBC,COMMON STOCK
EAST,COMMON STOCK
EBON,COMMON STOCK
EBAY,COMMON STOCK
ECX,COMMON STOCK
ECBK,COMMON STOCK
ECDA,COMMON STOCK
SATS,COMMON STOCK
EDSA,COMMON STOCK
EWTX,COMMON STOCK
EDBL,COMMON STOCK
EDIT,COMMON STOCK
EDUC,COMMON STOCK
EGAN,COMMON STOCK
EHTH,COMMON STOCK
OCTO,COMMON STOCK
EKSO,COMMON STOCK
LOCO,COMMON STOCK
ESLT,COMMON STOCK
ELBM,COMMON STOCK
ELSE,COMMON STOCK
ECOR,COMMON STOCK
EA,COMMON STOCK
ELVA,COMMON STOCK
ELDN,COMMON STOCK
ELAB,COMMON STOCK
ELEV,COMMON STOCK
ELTX,COMMON STOCK
ELPW,COMMON STOCK
ELTK,COMMON STOCK
ELUT,COMMON STOCK
EMBC,COMMON STOCK
EMCG,COMMON STOCK
EMKR,COMMON STOCK
ACT,COMMON STOCK
ENTA,COMMON STOCK
ECPG,COMMON STOCK
EU,COMMON STOCK
NDRA,COMMON STOCK
WATT,COMMON STOCK
EFOI,COMMON STOCK
ERII,COMMON STOCK
ESOA,COMMON STOCK
ENGN,COMMON STOCK
ENG,COMMON STOCK
ENLT,COMMON STOCK
ELVN,COMMON STOCK
ENLV,COMMON STOCK
ENVX,COMMON STOCK
ENPH,COMMON STOCK
ESGR,COMMON STOCK
ENSC,COMMON STOCK
ENTG,COMMON STOCK
ENTX,COMMON STOCK
ENTO,COMMON STOCK
EBTC,COMMON STOCK
EFSC,COMMON STOCK
TRDA,COMMON STOCK
ENVB,COMMON STOCK
EVTV,COMMON STOCK
COCH,COMMON STOCK
NVNO,COMMON STOCK
EOSE,COMMON STOCK
EEIQ,COMMON STOCK
PLUS,COMMON STOCK
EPSN,COMMON STOCK
EQ,COMMON STOCK
EQIX,COMMON STOCK
ERAS,COMMON STOCK
RAYA,COMMON STOCK
ERIE,COMMON STOCK
ESCA,COMMON STOCK
ESGL,COMMON STOCK
ESHA,COMMON STOCK
EHGO,COMMON STOCK
ESPR,COMMON STOCK
ESQ,COMMON STOCK
ESSA,COMMON STOCK
EPIX,COMMON STOCK
ESTA,COMMON STOCK
ESLA,COMMON STOCK
ERNA,COMMON STOCK
ETON,COMMON STOCK
ETSY,COMMON STOCK
EUDA,COMMON STOCK
EPRX,COMMON STOCK
EURK,COMMON STOCK
CLWT,COMMON STOCK
EDRY,COMMON STOCK
EEFT,COMMON STOCK
EWCZ,COMMON STOCK
ESEA,COMMON STOCK
EVCM,COMMON STOCK
EVGR,COMMON STOCK
EVRG,COMMON STOCK
EVER,COMMON STOCK
MRAM,COMMON STOCK
EVGO,COMMON STOCK
EVGN,COMMON STOCK
EVOK,COMMON STOCK
EOLS,COMMON STOCK
EVLV,COMMON STOCK
EXAS,COMMON STOCK
XGN,COMMON STOCK
EXEL,COMMON STOCK
EXC,COMMON STOCK
XCUR,COMMON STOCK
EXLS,COMMON STOCK
EXPI,COMMON STOCK
EXE,COMMON STOCK
EXPE,COMMON STOCK
EXFY,COMMON STOCK
XPON,COMMON STOCK
EXPO,COMMON STOCK
EXTR,COMMON STOCK
EYEN,COMMON STOCK
EYPT,COMMON STOCK
EZPW,COMMON STOCK
EZFL,COMMON STOCK
EZGO,COMMON STOCK
FFIV,COMMON STOCK
FDS,COMMON STOCK
FBYD,COMMON STOCK
DUO,COMMON STOCK
FFIE,COMMON STOCK
FARM,COMMON STOCK
FMAO,COMMON STOCK
FMNB,COMMON STOCK
FAMI,COMMON STOCK
FARO,COMMON STOCK
FAST,COMMON STOCK
FAT,COMMON STOCK
FATBB,COMMON STOCK
FATE,COMMON STOCK
FTHM,COMMON STOCK
FBLA,COMMON STOCK
FEMY,COMMON STOCK
BCAN,COMMON STOCK
FEBO,COMMON STOCK
FENC,COMMON STOCK
GSM,COMMON STOCK
FER,COMMON STOCK
FGI,COMMON STOCK
FBLG,COMMON STOCK
FGEN,COMMON STOCK
FDBC,COMMON STOCK
FDUS,COMMON STOCK
FDSB,COMMON STOCK
FITB,COMMON STOCK
FISI,COMMON STOCK
FNGR,COMMON STOCK
FNWD,COMMON STOCK
FINW,COMMON STOCK
AIFF,COMMON STOCK
FA,COMMON STOCK
FBNC,COMMON STOCK
FRBA,COMMON STOCK
BUSE,COMMON STOCK
FBIZ,COMMON STOCK
FCAP,COMMON STOCK
FCNCA,COMMON STOCK
FCBC,COMMON STOCK
FCCO,COMMON STOCK
FFBC,COMMON STOCK
FFIN,COMMON STOCK
THFF,COMMON STOCK
FFNW,COMMON STOCK
FGBI,COMMON STOCK
FHB,COMMON STOCK
INBK,COMMON STOCK
FIBK,COMMON STOCK
FRME,COMMON STOCK
FMBH,COMMON STOCK
FXNC,COMMON STOCK
FNWB,COMMON STOCK
FSFG,COMMON STOCK
FSEA,COMMON STOCK
FSLR,COMMON STOCK
FUNC,COMMON STOCK
FUSB,COMMON STOCK
FWRG,COMMON STOCK
MYFW,COMMON STOCK
FCFS,COMMON STOCK
FSV,COMMON STOCK
FSUN,COMMON STOCK
FTEL,COMMON STOCK
FTLF,COMMON STOCK
FIVE,COMMON STOCK
FSBC,COMMON STOCK
FIVN,COMMON STOCK
FSHP,COMMON STOCK
FLEX,COMMON STOCK
FPAY,COMMON STOCK
FLXS,COMMON STOCK
FLGC,COMMON STOCK
FLNC,COMMON STOCK
FLNT,COMMON STOCK
FFIC,COMMON STOCK
FLUX,COMMON STOCK
FLYE,COMMON STOCK
FLYW,COMMON STOCK
FCUV,COMMON STOCK
FHTX,COMMON STOCK
FONR,COMMON STOCK
AFRI,COMMON STOCK
FMST,COMMON STOCK
FORA,COMMON STOCK
FORM,COMMON STOCK
FWONA,COMMON STOCK
FWONK,COMMON STOCK
FORR,COMMON STOCK
FBRX,COMMON STOCK
FTNT,COMMON STOCK
FTRE,COMMON STOCK
FBIO,COMMON STOCK
FWRD,COMMON STOCK
FORD,COMMON STOCK
FOSL,COMMON STOCK
FGL,COMMON STOCK
FORL,COMMON STOCK
FOX,COMMON STOCK
FOXA,COMMON STOCK
FOXF,COMMON STOCK
FOXX,COMMON STOCK
GUTS,COMMON STOCK
FELE,COMMON STOCK
FRAF,COMMON STOCK
FKWL,COMMON STOCK
FRHC,COMMON STOCK
FRGT,COMMON STOCK
RAIL,COMMON STOCK
CRGO,COMMON STOCK
FEIM,COMMON STOCK
FRPT,COMMON STOCK
FRSH,COMMON STOCK
FTDR,COMMON STOCK
FYBR,COMMON STOCK
ULCC,COMMON STOCK
FRPH,COMMON STOCK
FSBW,COMMON STOCK
FLD,COMMON STOCK
FTAI,COMMON STOCK
FIP,COMMON STOCK
FTCI,COMMON STOCK
FTEK,COMMON STOCK
FCEL,COMMON STOCK
FULC,COMMON STOCK
FLGT,COMMON STOCK
FLL,COMMON STOCK
FULT,COMMON STOCK
FGF,COMMON STOCK
FNKO,COMMON STOCK
HTOO,COMMON STOCK
FTFT,COMMON STOCK
FVN,COMMON STOCK
FTII,COMMON STOCK
FVCB,COMMON STOCK
GIII,COMMON STOCK
WILC,COMMON STOCK
GAIA,COMMON STOCK
GANX,COMMON STOCK
GLXG,COMMON STOCK
GALT,COMMON STOCK
GLTO,COMMON STOCK
GLMD,COMMON STOCK
GAMB,COMMON STOCK
GAME,COMMON STOCK
GLPI,COMMON STOCK
GAN,COMMON STOCK
GSIW,COMMON STOCK
GTX,COMMON STOCK
GAUZ,COMMON STOCK
GXAI,COMMON STOCK
GCMG,COMMON STOCK
GDC,COMMON STOCK
GDEV,COMMON STOCK
GEHC,COMMON STOCK
GELS,COMMON STOCK
GEN,COMMON STOCK
GENK,COMMON STOCK
GNSS,COMMON STOCK
WGS,COMMON STOCK
GNLX,COMMON STOCK
GBIO,COMMON STOCK
GIPR,COMMON STOCK
GNPX,COMMON STOCK
GNTX,COMMON STOCK
THRM,COMMON STOCK
GEOS,COMMON STOCK
GOVX,COMMON STOCK
GABC,COMMON STOCK
GERN,COMMON STOCK
GEVO,COMMON STOCK
GHRS,COMMON STOCK
ROCK,COMMON STOCK
GIFT,COMMON STOCK
GCT,COMMON STOCK
GIGM,COMMON STOCK
GIG,COMMON STOCK
GILT,COMMON STOCK
GILD,COMMON STOCK
GTLB,COMMON STOCK
GLAD,COMMON STOCK
GOOD,COMMON STOCK
GAIN,COMMON STOCK
LAND,COMMON STOCK
GLBZ,COMMON STOCK
GBBK,COMMON STOCK
GLE,COMMON STOCK
GLAC,COMMON STOCK
GMM,COMMON STOCK
SELF,COMMON STOCK
GLST,COMMON STOCK
GWRS,COMMON STOCK
GLBE,COMMON STOCK
GFS,COMMON STOCK
GVH,COMMON STOCK
GLBS,COMMON STOCK
GCTK,COMMON STOCK
GLYC,COMMON STOCK
GOGO,COMMON STOCK
GGR,COMMON STOCK
GOCO,COMMON STOCK
GLNG,COMMON STOCK
GDEN,COMMON STOCK
GDHG,COMMON STOCK
GMGI,COMMON STOCK
GOGL,COMMON STOCK
GODN,COMMON STOCK
GSUN,COMMON STOCK
GDST,COMMON STOCK
GBDC,COMMON STOCK
GTIM,COMMON STOCK
GDRX,COMMON STOCK
GSHD,COMMON STOCK
GPRO,COMMON STOCK
GHIX,COMMON STOCK
GRRR,COMMON STOCK
GOSS,COMMON STOCK
GPAT,COMMON STOCK
GRAB,COMMON STOCK
GRCE,COMMON STOCK
GRAL,COMMON STOCK
LOPE,COMMON STOCK
GTI,COMMON STOCK
GECC,COMMON STOCK
GEG,COMMON STOCK
GLDD,COMMON STOCK
GSBC,COMMON STOCK
GPRE,COMMON STOCK
GCBC,COMMON STOCK
GREE,COMMON STOCK
GTEC,COMMON STOCK
GNLN,COMMON STOCK
GLRE,COMMON STOCK
GP,COMMON STOCK
GRNQ,COMMON STOCK
GWAV,COMMON STOCK
GLSI,COMMON STOCK
GRI,COMMON STOCK
GDYN,COMMON STOCK
GO,COMMON STOCK
GRPN,COMMON STOCK
GRWG,COMMON STOCK
GRYP,COMMON STOCK
GSIT,COMMON STOCK
GTBP,COMMON STOCK
GH,COMMON STOCK
GFAI,COMMON STOCK
GIFI,COMMON STOCK
GURE,COMMON STOCK
GYRE,COMMON STOCK
GYRO,COMMON STOCK
HEES,COMMON STOCK
HOFV,COMMON STOCK
HNRG,COMMON STOCK
HALO,COMMON STOCK
HLNE,COMMON STOCK
HWC,COMMON STOCK
HAFC,COMMON STOCK
HNVR,COMMON STOCK
HRYU,COMMON STOCK
HAO,COMMON STOCK
HONE,COMMON STOCK
HLIT,COMMON STOCK
HRMY,COMMON STOCK
HROW,COMMON STOCK
HHS,COMMON STOCK
HBIO,COMMON STOCK
HAS,COMMON STOCK
HCP,COMMON STOCK
HWKN,COMMON STOCK
HWBK,COMMON STOCK
HBT,COMMON STOCK
HOND,COMMON STOCK
HCWB,COMMON STOCK
HCAT,COMMON STOCK
HAIA,COMMON STOCK
HCSG,COMMON STOCK
HCTI,COMMON STOCK
HQY,COMMON STOCK
HSTM,COMMON STOCK
BEAT,COMMON STOCK
HTCR,COMMON STOCK
HTLD,COMMON STOCK
HTLF,COMMON STOCK
HSCS,COMMON STOCK
HSII,COMMON STOCK
HELE,COMMON STOCK
HSDT,COMMON STOCK
HLXB,COMMON STOCK
HPAI,COMMON STOCK
HNNA,COMMON STOCK
HCVI,COMMON STOCK
HSIC,COMMON STOCK
HEPA,COMMON STOCK
PITA,COMMON STOCK
HTBK,COMMON STOCK
CASK,COMMON STOCK
HFWA,COMMON STOCK
HGBL,COMMON STOCK
HRTX,COMMON STOCK
HTZ,COMMON STOCK
HTZWW,COMMON STOCK
HFFG,COMMON STOCK
HITI,COMMON STOCK
HPK,COMMON STOCK
HIHO,COMMON STOCK
HLVX,COMMON STOCK
HLMN,COMMON STOCK
HIFS,COMMON STOCK
HQI,COMMON STOCK
HKIT,COMMON STOCK
HIVE,COMMON STOCK
HOLX,COMMON STOCK
HBCP,COMMON STOCK
HFBL,COMMON STOCK
HTLM,COMMON STOCK
HMST,COMMON STOCK
HTBI,COMMON STOCK
HON,COMMON STOCK
HLP,COMMON STOCK
HOFT,COMMON STOCK
HOOK,COMMON STOCK
HOPE,COMMON STOCK
HBNC,COMMON STOCK
HSPO,COMMON STOCK
HRZN,COMMON STOCK
HST,COMMON STOCK
HOTH,COMMON STOCK
HOUR,COMMON STOCK
HUDI,COMMON STOCK
HUBC,COMMON STOCK
HUBG,COMMON STOCK
HSON,COMMON STOCK
HDSN,COMMON STOCK
HUHU,COMMON STOCK
HUMA,COMMON STOCK
HBAN,COMMON STOCK
HURC,COMMON STOCK
HURN,COMMON STOCK
HUT,COMMON STOCK
HWH,COMMON STOCK
HYMC,COMMON STOCK
HYFM,COMMON STOCK
HYPR,COMMON STOCK
HYZN,COMMON STOCK
IIIV,COMMON STOCK
IAC,COMMON STOCK
IBAC,COMMON STOCK
IBEX,COMMON STOCK
ICAD,COMMON STOCK
IEP,COMMON STOCK
ICCH,COMMON STOCK
ICCM,COMMON STOCK
ICFI,COMMON STOCK
ICHR,COMMON STOCK
ICON,COMMON STOCK
ICLR,COMMON STOCK
ICCT,COMMON STOCK
ICUI,COMMON STOCK
IZM,COMMON STOCK
IPWR,COMMON STOCK
IDYA,COMMON STOCK
INVE,COMMON STOCK
IDXX,COMMON STOCK
IESC,COMMON STOCK
IROQ,COMMON STOCK
IGMS,COMMON STOCK
IHRT,COMMON STOCK
IKNA,COMMON STOCK
AILE,COMMON STOCK
ILMN,COMMON STOCK
IMCC,COMMON STOCK
BACK,COMMON STOCK
IMTX,COMMON STOCK
IMMR,COMMON STOCK
IMMX,COMMON STOCK
ICCC,COMMON STOCK
IMRX,COMMON STOCK
IMUX,COMMON STOCK
IBRX,COMMON STOCK
IMNM,COMMON STOCK
IPA,COMMON STOCK
IMVT,COMMON STOCK
IMPP,COMMON STOCK
PI,COMMON STOCK
IMNN,COMMON STOCK
INAB,COMMON STOCK
NARI,COMMON STOCK
IXHL,COMMON STOCK
IGTA,COMMON STOCK
INCY,COMMON STOCK
INDP,COMMON STOCK
INDB,COMMON STOCK
IBCP,COMMON STOCK
IBTX,COMMON STOCK
INDI,COMMON STOCK
INDV,COMMON STOCK
ILPT,COMMON STOCK
INFN,COMMON STOCK
IFRX,COMMON STOCK
IPXX,COMMON STOCK
IFBD,COMMON STOCK
III,COMMON STOCK
IMKTA,COMMON STOCK
IKT,COMMON STOCK
INBX,COMMON STOCK
INM,COMMON STOCK
INMD,COMMON STOCK
INMB,COMMON STOCK
INHD,COMMON STOCK
INOD,COMMON STOCK
IOSP,COMMON STOCK
INNV,COMMON STOCK
IBG,COMMON STOCK
LUCY,COMMON STOCK
ISSC,COMMON STOCK
INVA,COMMON STOCK
INVZ,COMMON STOCK
INV,COMMON STOCK
INGN,COMMON STOCK
NOTV,COMMON STOCK
INO,COMMON STOCK
INZY,COMMON STOCK
INSG,COMMON STOCK
INAQ,COMMON STOCK
NSIT,COMMON STOCK
INSM,COMMON STOCK
IINN,COMMON STOCK
ISPO,COMMON STOCK
IVP,COMMON STOCK
INSE,COMMON STOCK
NSPR,COMMON STOCK
TIL,COMMON STOCK
PODD,COMMON STOCK
INTA,COMMON STOCK
IART,COMMON STOCK
IAS,COMMON STOCK
IMTE,COMMON STOCK
INTC,COMMON STOCK
NTLA,COMMON STOCK
IDN,COMMON STOCK
INBS,COMMON STOCK
INTJ,COMMON STOCK
ILAG,COMMON STOCK
INTS,COMMON STOCK
INTR,COMMON STOCK
IBKR,COMMON STOCK
TRNR,COMMON STOCK
INCR,COMMON STOCK
IDCC,COMMON STOCK
TILE,COMMON STOCK
LINK,COMMON STOCK
IBOC,COMMON STOCK
IGIC,COMMON STOCK
IMXI,COMMON STOCK
IPAR,COMMON STOCK
IVAC,COMMON STOCK
ITCI,COMMON STOCK
INTZ,COMMON STOCK
INTU,COMMON STOCK
LUNR,COMMON STOCK
ISRG,COMMON STOCK
ISTR,COMMON STOCK
IVCA,COMMON STOCK
ICMB,COMMON STOCK
IVCB,COMMON STOCK
ITIC,COMMON STOCK
IVVD,COMMON STOCK
IZTC,COMMON STOCK
IOBT,COMMON STOCK
IONS,COMMON STOCK
IOVA,COMMON STOCK
IPGP,COMMON STOCK
IPW,COMMON STOCK
IRMD,COMMON STOCK
IRTC,COMMON STOCK
IRIX,COMMON STOCK
IRDM,COMMON STOCK
IREN,COMMON STOCK
IRBT,COMMON STOCK
IROH,COMMON STOCK
IRWD,COMMON STOCK
ISPC,COMMON STOCK
ISPR,COMMON STOCK
ISRL,COMMON STOCK
ITOS,COMMON STOCK
ITRM,COMMON STOCK
ITRI,COMMON STOCK
ITRN,COMMON STOCK
IVDA,COMMON STOCK
IZEA,COMMON STOCK
JL,COMMON STOCK
JBHT,COMMON STOCK
MAYS,COMMON STOCK
JJSF,COMMON STOCK
JKHY,COMMON STOCK
JACK,COMMON STOCK
JAGX,COMMON STOCK
JAKK,COMMON STOCK
JRVR,COMMON STOCK
JAMF,COMMON STOCK
JNVR,COMMON STOCK
JANX,COMMON STOCK
JSPR,COMMON STOCK
JYD,COMMON STOCK
JAZZ,COMMON STOCK
JBDI,COMMON STOCK
JCSE,COMMON STOCK
JFBR,COMMON STOCK
JRSH,COMMON STOCK
JTAI,COMMON STOCK
JBLU,COMMON STOCK
JCTC,COMMON STOCK
FROG,COMMON STOCK
JDZG,COMMON STOCK
ZJYL,COMMON STOCK
JZXN,COMMON STOCK
JBSS,COMMON STOCK
JMSB,COMMON STOCK
JOUT,COMMON STOCK
DERM,COMMON STOCK
JWEL,COMMON STOCK
JUNE,COMMON STOCK
JVSA,COMMON STOCK
JXJT,COMMON STOCK
KACL,COMMON STOCK
KALU,COMMON STOCK
KAVL,COMMON STOCK
KXIN,COMMON STOCK
KALA,COMMON STOCK
KLTR,COMMON STOCK
KALV,COMMON STOCK
KMDA,COMMON STOCK
KNDI,COMMON STOCK
KRT,COMMON STOCK
KARO,COMMON STOCK
KPTI,COMMON STOCK
KPLT,COMMON STOCK
KRNY,COMMON STOCK
KVAC,COMMON STOCK
KELYA,COMMON STOCK
KELYB,COMMON STOCK
KFFB,COMMON STOCK
KROS,COMMON STOCK
KDP,COMMON STOCK
KEQU,COMMON STOCK
KTCC,COMMON STOCK
KZR,COMMON STOCK
PIK,COMMON STOCK
KE,COMMON STOCK
KDLY,COMMON STOCK
KINS,COMMON STOCK
KNSA,COMMON STOCK
KPRX,COMMON STOCK
KIRK,COMMON STOCK
KLAC,COMMON STOCK
KLTO,COMMON STOCK
KLXE,COMMON STOCK
KSCP,COMMON STOCK
KOD,COMMON STOCK
KGEI,COMMON STOCK
KOPN,COMMON STOCK
KRNT,COMMON STOCK
KRRO,COMMON STOCK
KRMD,COMMON STOCK
KOSS,COMMON STOCK
KTOS,COMMON STOCK
DNUT,COMMON STOCK
KRON,COMMON STOCK
KRYS,COMMON STOCK
KLIC,COMMON STOCK
KURA,COMMON STOCK
KRUS,COMMON STOCK
KVHI,COMMON STOCK
KWE,COMMON STOCK
KYMR,COMMON STOCK
KYTX,COMMON STOCK
FSTR,COMMON STOCK
LRHC,COMMON STOCK
LSBK,COMMON STOCK
LKFN,COMMON STOCK
LAKE,COMMON STOCK
LSB,COMMON STOCK
LSH,COMMON STOCK
LRCX,COMMON STOCK
LAMR,COMMON STOCK
LANC,COMMON STOCK
LARK,COMMON STOCK
LE,COMMON STOCK
LSEA,COMMON STOCK
LSTR,COMMON STOCK
LTRN,COMMON STOCK
LNTH,COMMON STOCK
LTRX,COMMON STOCK
LNZA,COMMON STOCK
LGO,COMMON STOCK
LRMR,COMMON STOCK
LASE,COMMON STOCK
SWIM,COMMON STOCK
LSCC,COMMON STOCK
LPAA,COMMON STOCK
LAUR,COMMON STOCK
LVTX,COMMON STOCK
LVRO,COMMON STOCK
GORV,COMMON STOCK
LCNB,COMMON STOCK
LFLY,COMMON STOCK
LPTX,COMMON STOCK
LDTC,COMMON STOCK
LEE,COMMON STOCK
LEGH,COMMON STOCK
LZ,COMMON STOCK
LMAT,COMMON STOCK
TREE,COMMON STOCK
LDWY,COMMON STOCK
LNSR,COMMON STOCK
LENZ,COMMON STOCK
DRS,COMMON STOCK
LSAK,COMMON STOCK
LESL,COMMON STOCK
LEXX,COMMON STOCK
LXEO,COMMON STOCK
LXRX,COMMON STOCK
LGIH,COMMON STOCK
LBGJ,COMMON STOCK
LBRDA,COMMON STOCK
LBRDK,COMMON STOCK
LBTYA,COMMON STOCK
LBTYB,COMMON STOCK
LBTYK,COMMON STOCK
LILA,COMMON STOCK
LILAK,COMMON STOCK
LLYVA,COMMON STOCK
LLYVK,COMMON STOCK
LICN,COMMON STOCK
LIF,COMMON STOCK
LFCR,COMMON STOCK
LFMD,COMMON STOCK
LFST,COMMON STOCK
LCUT,COMMON STOCK
LFVN,COMMON STOCK
LFWD,COMMON STOCK
LWAY,COMMON STOCK
LGND,COMMON STOCK
LNW,COMMON STOCK
LTBR,COMMON STOCK
LPTH,COMMON STOCK
LWLG,COMMON STOCK
LMB,COMMON STOCK
LMNR,COMMON STOCK
LINC,COMMON STOCK
LECO,COMMON STOCK
LIND,COMMON STOCK
LIN,COMMON STOCK
LINE,COMMON STOCK
LGCB,COMMON STOCK
LNKB,COMMON STOCK
CUB,COMMON STOCK
LION,COMMON STOCK
LIPO,COMMON STOCK
LPCN,COMMON STOCK
LIQT,COMMON STOCK
LQDA,COMMON STOCK
LQDT,COMMON STOCK
LSTA,COMMON STOCK
LFUS,COMMON STOCK
LIVN,COMMON STOCK
LIVE,COMMON STOCK
LVO,COMMON STOCK
LPSN,COMMON STOCK
LIXT,COMMON STOCK
LKQ,COMMON STOCK
LMFA,COMMON STOCK
LOBO,COMMON STOCK
LCFY,COMMON STOCK
LRFC,COMMON STOCK
LGMK,COMMON STOCK
LGTY,COMMON STOCK
LOGI,COMMON STOCK
LBPH,COMMON STOCK
LGVN,COMMON STOCK
LOOP,COMMON STOCK
LTRY,COMMON STOCK
LPLA,COMMON STOCK
LQR,COMMON STOCK
LYTS,COMMON STOCK
LGCL,COMMON STOCK
LUCD,COMMON STOCK
LCID,COMMON STOCK
LVLU,COMMON STOCK
LULU,COMMON STOCK
LITE,COMMON STOCK
LAZR,COMMON STOCK
LUMO,COMMON STOCK
LUNA,COMMON STOCK
LKCO,COMMON STOCK
LUXH,COMMON STOCK
LYEL,COMMON STOCK
LYFT,COMMON STOCK
LYRA,COMMON STOCK
LYT,COMMON STOCK
MBAV,COMMON STOCK
MKZR,COMMON STOCK
MTSI,COMMON STOCK
MGNX,COMMON STOCK
MDGL,COMMON STOCK
MEGL,COMMON STOCK
MGIC,COMMON STOCK
MGNI,COMMON STOCK
MGYR,COMMON STOCK
MHLD,COMMON STOCK
MNSB,COMMON STOCK
MYNZ,COMMON STOCK
MSS,COMMON STOCK
MMYT,COMMON STOCK
MBUU,COMMON STOCK
MAMA,COMMON STOCK
TUSK,COMMON STOCK
MGRX,COMMON STOCK
MANH,COMMON STOCK
LOAN,COMMON STOCK
MNTX,COMMON STOCK
MTEX,COMMON STOCK
MNKD,COMMON STOCK
CART,COMMON STOCK
MARA,COMMON STOCK
MRVI,COMMON STOCK
GATE,COMMON STOCK
MCHX,COMMON STOCK
MRX,COMMON STOCK
MRIN,COMMON STOCK
MARPS,COMMON STOCK
MRNS,COMMON STOCK
MTEK,COMMON STOCK
MRKR,COMMON STOCK
MKTX,COMMON STOCK
MKTW,COMMON STOCK
MQ,COMMON STOCK
MAR,COMMON STOCK
MARX,COMMON STOCK
MRTN,COMMON STOCK
MMLP,COMMON STOCK
MRVL,COMMON STOCK
MASI,COMMON STOCK
MAMO,COMMON STOCK
MCFT,COMMON STOCK
MTCH,COMMON STOCK
MTRX,COMMON STOCK
MAT,COMMON STOCK
MTTR,COMMON STOCK
MATW,COMMON STOCK
MIGI,COMMON STOCK
MXCT,COMMON STOCK
MAXN,COMMON STOCK
MXL,COMMON STOCK
MBX,COMMON STOCK
MGRC,COMMON STOCK
MDBH,COMMON STOCK
MDJH,COMMON STOCK
MDXH,COMMON STOCK
MDRR,COMMON STOCK
MFIN,COMMON STOCK
MDIA,COMMON STOCK
MNOV,COMMON STOCK
MDCX,COMMON STOCK
MDWD,COMMON STOCK
MEDP,COMMON STOCK
MEIP,COMMON STOCK
MHUA,COMMON STOCK
MGTX,COMMON STOCK
WNW,COMMON STOCK
MACI,COMMON STOCK
MELI,COMMON STOCK
MBWM,COMMON STOCK
MERC,COMMON STOCK
MBIN,COMMON STOCK
MFH,COMMON STOCK
MRCY,COMMON STOCK
MRBK,COMMON STOCK
MMSI,COMMON STOCK
MRSN,COMMON STOCK
MRUS,COMMON STOCK
MESA,COMMON STOCK
MLAB,COMMON STOCK
META,COMMON STOCK
MGX,COMMON STOCK
MSSA,COMMON STOCK
MATH,COMMON STOCK
MEOH,COMMON STOCK
MCBS,COMMON STOCK
MFI,COMMON STOCK
MGEE,COMMON STOCK
MGOL,COMMON STOCK
MGPI,COMMON STOCK
MLGO,COMMON STOCK
MBOT,COMMON STOCK
MCHP,COMMON STOCK
HOLO,COMMON STOCK
MU,COMMON STOCK
MSFT,COMMON STOCK
MSTR,COMMON STOCK
MVST,COMMON STOCK
MVIS,COMMON STOCK
MPB,COMMON STOCK
MFIC,COMMON STOCK
MBCN,COMMON STOCK
MSEX,COMMON STOCK
MSBI,COMMON STOCK
MOFG,COMMON STOCK
MIST,COMMON STOCK
MCVT,COMMON STOCK
MGIH,COMMON STOCK
MLKN,COMMON STOCK
TIGO,COMMON STOCK
MDXG,COMMON STOCK
MNDO,COMMON STOCK
MNMD,COMMON STOCK
MIND,COMMON STOCK
MLYS,COMMON STOCK
NERV,COMMON STOCK
MSW,COMMON STOCK
MTEN,COMMON STOCK
YGMZ,COMMON STOCK
INKT,COMMON STOCK
MIRA,COMMON STOCK
MIRM,COMMON STOCK
AVO,COMMON STOCK
MITK,COMMON STOCK
MKDW,COMMON STOCK
MKSI,COMMON STOCK
MTC,COMMON STOCK
MNDR,COMMON STOCK
MBLY,COMMON STOCK
MOBX,COMMON STOCK
MRNA,COMMON STOCK
MODV,COMMON STOCK
MODD,COMMON STOCK
MOGO,COMMON STOCK
MTEM,COMMON STOCK
MBRX,COMMON STOCK
MNTS,COMMON STOCK
MCRI,COMMON STOCK
MNDY,COMMON STOCK
MOND,COMMON STOCK
MDLZ,COMMON STOCK
MNY,COMMON STOCK
MDB,COMMON STOCK
MGRM,COMMON STOCK
MPWR,COMMON STOCK
MNPR,COMMON STOCK
MNRO,COMMON STOCK
MRCC,COMMON STOCK
MNST,COMMON STOCK
MNTK,COMMON STOCK
GLUE,COMMON STOCK
MLEC,COMMON STOCK
MLTX,COMMON STOCK
MORN,COMMON STOCK
MPAA,COMMON STOCK
MSGM,COMMON STOCK
MOVE,COMMON STOCK
COOP,COMMON STOCK
LIFW,COMMON STOCK
MULN,COMMON STOCK
MMV,COMMON STOCK
MSAI,COMMON STOCK
MURA,COMMON STOCK
MRNO,COMMON STOCK
MBIO,COMMON STOCK
MVBF,COMMON STOCK
MYSZ,COMMON STOCK
MYRG,COMMON STOCK
MYGN,COMMON STOCK
NITO,COMMON STOCK
NETD,COMMON STOCK
NA,COMMON STOCK
NNE,COMMON STOCK
NNOX,COMMON STOCK
NAOV,COMMON STOCK
NSSC,COMMON STOCK
NDAQ,COMMON STOCK
NTRA,COMMON STOCK
NATH,COMMON STOCK
NKSH,COMMON STOCK
FIZZ,COMMON STOCK
NCMI,COMMON STOCK
NESR,COMMON STOCK
NRC,COMMON STOCK
EYE,COMMON STOCK
NAII,COMMON STOCK
NHTC,COMMON STOCK
NMHI,COMMON STOCK
NATR,COMMON STOCK
KITT,COMMON STOCK
NAUT,COMMON STOCK
NAVI,COMMON STOCK
NVTS,COMMON STOCK
NAYA,COMMON STOCK
NYAX,COMMON STOCK
NBBK,COMMON STOCK
NBTB,COMMON STOCK
NCNO,COMMON STOCK
NCSM,COMMON STOCK
NBIS,COMMON STOCK
NKTR,COMMON STOCK
NCI,COMMON STOCK
NEOG,COMMON STOCK
NEO,COMMON STOCK
NEON,COMMON STOCK
NEOV,COMMON STOCK
NEPH,COMMON STOCK
NRDS,COMMON STOCK
NTAP,COMMON STOCK
NCPL,COMMON STOCK
NFLX,COMMON STOCK
NTGR,COMMON STOCK
NTCT,COMMON STOCK
NTWK,COMMON STOCK
NMRA,COMMON STOCK
NRBO,COMMON STOCK
NBIX,COMMON STOCK
NGNE,COMMON STOCK
NURO,COMMON STOCK
STIM,COMMON STOCK
NMTC,COMMON STOCK
NPCE,COMMON STOCK
NRSN,COMMON STOCK
NFE,COMMON STOCK
HOVR,COMMON STOCK
NMFC,COMMON STOCK
NYMT,COMMON STOCK
NAMS,COMMON STOCK
NEGG,COMMON STOCK
NWL,COMMON STOCK
NIVF,COMMON STOCK
NMRK,COMMON STOCK
NWS,COMMON STOCK
NWSA,COMMON STOCK
NEWT,COMMON STOCK
NXL,COMMON STOCK
NXGL,COMMON STOCK
NXST,COMMON STOCK
NXTT,COMMON STOCK
NXTC,COMMON STOCK
NEXT,COMMON STOCK
NN,COMMON STOCK
NXPL,COMMON STOCK
NXT,COMMON STOCK
NTRP,COMMON STOCK
NODK,COMMON STOCK
NKLA,COMMON STOCK
NB,COMMON STOCK
NISN,COMMON STOCK
NIXX,COMMON STOCK
NKTX,COMMON STOCK
NKGN,COMMON STOCK
LASR,COMMON STOCK
NLSP,COMMON STOCK
NMIH,COMMON STOCK
NNBR,COMMON STOCK
NCRA,COMMON STOCK
NDLS,COMMON STOCK
NDSN,COMMON STOCK
NSYS,COMMON STOCK
NBN,COMMON STOCK
NECB,COMMON STOCK
NTIC,COMMON STOCK
NTRS,COMMON STOCK
NFBK,COMMON STOCK
NRIM,COMMON STOCK
NVAC,COMMON STOCK
NWBI,COMMON STOCK
NWPX,COMMON STOCK
NWE,COMMON STOCK
NWFL,COMMON STOCK
NVFY,COMMON STOCK
NVMI,COMMON STOCK
NOVT,COMMON STOCK
NVAX,COMMON STOCK
NVCR,COMMON STOCK
NRXP,COMMON STOCK
NSTS,COMMON STOCK
NUKK,COMMON STOCK
NRIX,COMMON STOCK
NTNX,COMMON STOCK
NUTX,COMMON STOCK
NTRB,COMMON STOCK
NUVL,COMMON STOCK
NVCT,COMMON STOCK
NVVE,COMMON STOCK
NUWE,COMMON STOCK
NVEE,COMMON STOCK
NVEC,COMMON STOCK
NVDA,COMMON STOCK
NVNI,COMMON STOCK
NWTN,COMMON STOCK
NXPI,COMMON STOCK
NXU,COMMON STOCK
NYXH,COMMON STOCK
ORLY,COMMON STOCK
OVLY,COMMON STOCK
OAKU,COMMON STOCK
OCSL,COMMON STOCK
OBLG,COMMON STOCK
OCEA,COMMON STOCK
OCFC,COMMON STOCK
OCFCP,COMMON STOCK
OP,COMMON STOCK
OCGN,COMMON STOCK
OCUL,COMMON STOCK
OCS,COMMON STOCK
ODD,COMMON STOCK
OMEX,COMMON STOCK
OPI,COMMON STOCK
OFS,COMMON STOCK
OCCI,COMMON STOCK
OVBC,COMMON STOCK
OMH,COMMON STOCK
OKTA,COMMON STOCK
OKYO,COMMON STOCK
OLPX,COMMON STOCK
ODFL,COMMON STOCK
OMCC,COMMON STOCK
ONB,COMMON STOCK
OPOF,COMMON STOCK
OSBC,COMMON STOCK
OLMA,COMMON STOCK
OLLI,COMMON STOCK
ZEUS,COMMON STOCK
OFLX,COMMON STOCK
OMGA,COMMON STOCK
OMER,COMMON STOCK
OABI,COMMON STOCK
OMCL,COMMON STOCK
ON,COMMON STOCK
OCX,COMMON STOCK
ONCY,COMMON STOCK
ONCO,COMMON STOCK
ONCT,COMMON STOCK
ONDS,COMMON STOCK
OSS,COMMON STOCK
ONMD,COMMON STOCK
OSPN,COMMON STOCK
OSW,COMMON STOCK
OS,COMMON STOCK
ONEW,COMMON STOCK
ONFO,COMMON STOCK
OKUR,COMMON STOCK
OTRK,COMMON STOCK
OPBK,COMMON STOCK
OPAL,COMMON STOCK
LPRO,COMMON STOCK
OTEX,COMMON STOCK
OPEN,COMMON STOCK
OPK,COMMON STOCK
OPRT,COMMON STOCK
OPXS,COMMON STOCK
OCC,COMMON STOCK
OPRX,COMMON STOCK
OPHC,COMMON STOCK
OPTN,COMMON STOCK
OPCH,COMMON STOCK
IRD,COMMON STOCK
ORMP,COMMON STOCK
OBT,COMMON STOCK
ORKT,COMMON STOCK
OSUR,COMMON STOCK
OBIO,COMMON STOCK
OGI,COMMON STOCK
ORGO,COMMON STOCK
ONVO,COMMON STOCK
ORIC,COMMON STOCK
OCG,COMMON STOCK
ORIS,COMMON STOCK
SEED,COMMON STOCK
ORGN,COMMON STOCK
OESX,COMMON STOCK
ORRF,COMMON STOCK
OFIX,COMMON STOCK
KIDS,COMMON STOCK
ORKA,COMMON STOCK
OSIS,COMMON STOCK
OST,COMMON STOCK
OTTR,COMMON STOCK
OB,COMMON STOCK
OTLK,COMMON STOCK
OM,COMMON STOCK
OVID,COMMON STOCK
OXBR,COMMON STOCK
OXLC,COMMON STOCK
OXSQ,COMMON STOCK
PIII,COMMON STOCK
PCAR,COMMON STOCK
PACB,COMMON STOCK
PPBI,COMMON STOCK
PCRX,COMMON STOCK
PTVE,COMMON STOCK
PGY,COMMON STOCK
PRFX,COMMON STOCK
PALI,COMMON STOCK
PDYN,COMMON STOCK
PANW,COMMON STOCK
PLMR,COMMON STOCK
PALT,COMMON STOCK
PAMT,COMMON STOCK
PANL,COMMON STOCK
PZZA,COMMON STOCK
PPYA,COMMON STOCK
PARA,COMMON STOCK
PARAA,COMMON STOCK
PAVS,COMMON STOCK
PRZO,COMMON STOCK
PKOH,COMMON STOCK
PKBK,COMMON STOCK
KTTA,COMMON STOCK
PASG,COMMON STOCK
PBHC,COMMON STOCK
CASH,COMMON STOCK
PAX,COMMON STOCK
PLAO,COMMON STOCK
PATK,COMMON STOCK
PNBK,COMMON STOCK
PDCO,COMMON STOCK
PTEN,COMMON STOCK
PAVM,COMMON STOCK
PAYX,COMMON STOCK
PYCR,COMMON STOCK
PCTY,COMMON STOCK
PAYO,COMMON STOCK
PYPL,COMMON STOCK
PAYS,COMMON STOCK
PBBK,COMMON STOCK
CNXN,COMMON STOCK
PCB,COMMON STOCK
PDFS,COMMON STOCK
PDSB,COMMON STOCK
PGC,COMMON STOCK
PRLH,COMMON STOCK
PEGA,COMMON STOCK
PTON,COMMON STOCK
PENG,COMMON STOCK
PENN,COMMON STOCK
PWOD,COMMON STOCK
PEBO,COMMON STOCK
PEBK,COMMON STOCK
PFIS,COMMON STOCK
PEPG,COMMON STOCK
PEP,COMMON STOCK
PRSO,COMMON STOCK
PFTA,COMMON STOCK
PCSC,COMMON STOCK
PRDO,COMMON STOCK
PWP,COMMON STOCK
PSHG,COMMON STOCK
PFMT,COMMON STOCK
PERI,COMMON STOCK
PESI,COMMON STOCK
PPIH,COMMON STOCK
PPTA,COMMON STOCK
PSNL,COMMON STOCK
WOOF,COMMON STOCK
PETS,COMMON STOCK
PTPI,COMMON STOCK
PMCB,COMMON STOCK
PHVS,COMMON STOCK
PHAT,COMMON STOCK
PFX,COMMON STOCK
PTHL,COMMON STOCK
PAHC,COMMON STOCK
PECO,COMMON STOCK
PHIO,COMMON STOCK
PEV,COMMON STOCK
PLAB,COMMON STOCK
PHUN,COMMON STOCK
PLL,COMMON STOCK
PIRS,COMMON STOCK
PPC,COMMON STOCK
PNFP,COMMON STOCK
PBFS,COMMON STOCK
PPSI,COMMON STOCK
PXLW,COMMON STOCK
PAA,COMMON STOCK
PAGP,COMMON STOCK
YIBO,COMMON STOCK
PLYA,COMMON STOCK
MYPS,COMMON STOCK
PLTK,COMMON STOCK
PLBY,COMMON STOCK
PLXS,COMMON STOCK
PLRX,COMMON STOCK
PLUG,COMMON STOCK
PLMJ,COMMON STOCK
PLBC,COMMON STOCK
PLUR,COMMON STOCK
PSTV,COMMON STOCK
PMVP,COMMON STOCK
PODC,COMMON STOCK
POET,COMMON STOCK
POLA,COMMON STOCK
PYPD,COMMON STOCK
PLRZ,COMMON STOCK
PDLB,COMMON STOCK
POOL,COMMON STOCK
CPOP,COMMON STOCK
BPOP,COMMON STOCK
PRCH,COMMON STOCK
PRTG,COMMON STOCK
PTLO,COMMON STOCK
PTMN,COMMON STOCK
PSTX,COMMON STOCK
PBPB,COMMON STOCK
PCH,COMMON STOCK
POWL,COMMON STOCK
PMAX,COMMON STOCK
POWI,COMMON STOCK
AIOT,COMMON STOCK
PWUP,COMMON STOCK
PRAA,COMMON STOCK
PROP,COMMON STOCK
PRAX,COMMON STOCK
PGEN,COMMON STOCK
PRPO,COMMON STOCK
DTIL,COMMON STOCK
POCI,COMMON STOCK
POAI,COMMON STOCK
PFBC,COMMON STOCK
PLPC,COMMON STOCK
PRLD,COMMON STOCK
PFC,COMMON STOCK
PINC,COMMON STOCK
PC,COMMON STOCK
PRE,COMMON STOCK
SQFT,COMMON STOCK
PWM,COMMON STOCK
PSMT,COMMON STOCK
PRME,COMMON STOCK
PMEC,COMMON STOCK
PNRG,COMMON STOCK
PGHL,COMMON STOCK
FRST,COMMON STOCK
BPRN,COMMON STOCK
PFG,COMMON STOCK
PRTH,COMMON STOCK
PRVA,COMMON STOCK
PDEX,COMMON STOCK
PROC,COMMON STOCK
PRCT,COMMON STOCK
PCSA,COMMON STOCK
IPDN,COMMON STOCK
PAL,COMMON STOCK
PFIE,COMMON STOCK
PROF,COMMON STOCK
ACDC,COMMON STOCK
PRGS,COMMON STOCK
PGNY,COMMON STOCK
PROK,COMMON STOCK
PMN,COMMON STOCK
PRPH,COMMON STOCK
PRQR,COMMON STOCK
PSEC,COMMON STOCK
PTIX,COMMON STOCK
PTGX,COMMON STOCK
TARA,COMMON STOCK
PRTA,COMMON STOCK
PVBC,COMMON STOCK
PROV,COMMON STOCK
PSIG,COMMON STOCK
PMD,COMMON STOCK
PBM,COMMON STOCK
PTC,COMMON STOCK
PTCT,COMMON STOCK
PTLE,COMMON STOCK
PUBM,COMMON STOCK
PULM,COMMON STOCK
LUNG,COMMON STOCK
PLSE,COMMON STOCK
PBYI,COMMON STOCK
PCYO,COMMON STOCK
PCT,COMMON STOCK
PRPL,COMMON STOCK
PYXS,COMMON STOCK
PXS,COMMON STOCK
QTTB,COMMON STOCK
QCRH,COMMON STOCK
QMMM,COMMON STOCK
QRVO,COMMON STOCK
QTI,COMMON STOCK
QCOM,COMMON STOCK
QLGN,COMMON STOCK
QLYS,COMMON STOCK
QTRX,COMMON STOCK
QNTM,COMMON STOCK
QUBT,COMMON STOCK
QMCO,COMMON STOCK
QSI,COMMON STOCK
QRHC,COMMON STOCK
QETA,COMMON STOCK
QUIK,COMMON STOCK
QDEL,COMMON STOCK
QNCX,COMMON STOCK
QNST,COMMON STOCK
QIPT,COMMON STOCK
QRTEA,COMMON STOCK
QRTEB,COMMON STOCK
QXO,COMMON STOCK
RXT,COMMON STOCK
RDCM,COMMON STOCK
RDUS,COMMON STOCK
RDNT,COMMON STOCK
RDWR,COMMON STOCK
RVSN,COMMON STOCK
RLYB,COMMON STOCK
METC,COMMON STOCK
METCB,COMMON STOCK
RMBS,COMMON STOCK
RAND,COMMON STOCK
RANI,COMMON STOCK
RPID,COMMON STOCK
RPD,COMMON STOCK
RAPP,COMMON STOCK
RAPT,COMMON STOCK
RAVE,COMMON STOCK
RAY,COMMON STOCK
RBB,COMMON STOCK
RICK,COMMON STOCK
RCMT,COMMON STOCK
RDI,COMMON STOCK
RDIB,COMMON STOCK
RMSG,COMMON STOCK
AIRE,COMMON STOCK
REBN,COMMON STOCK
RCON,COMMON STOCK
RECT,COMMON STOCK
RXRX,COMMON STOCK
RCAT,COMMON STOCK
RRBI,COMMON STOCK
RRGB,COMMON STOCK
RRR,COMMON STOCK
RDVT,COMMON STOCK
RDFN,COMMON STOCK
REE,COMMON STOCK
RGC,COMMON STOCK
REG,COMMON STOCK
REGN,COMMON STOCK
RGNX,COMMON STOCK
RGS,COMMON STOCK
RGLS,COMMON STOCK
RITR,COMMON STOCK
REKR,COMMON STOCK
RLAY,COMMON STOCK
RELI,COMMON STOCK
RLMD,COMMON STOCK
RELY,COMMON STOCK
RNW,COMMON STOCK
RENB,COMMON STOCK
RNXT,COMMON STOCK
RENT,COMMON STOCK
RPTX,COMMON STOCK
RPAY,COMMON STOCK
RGEN,COMMON STOCK
REPL,COMMON STOCK
RBCAA,COMMON STOCK
REFR,COMMON STOCK
RSSS,COMMON STOCK
RSVR,COMMON STOCK
RSLS,COMMON STOCK
RGP,COMMON STOCK
ROIC,COMMON STOCK
RETO,COMMON STOCK
RVNC,COMMON STOCK
REVB,COMMON STOCK
RVPH,COMMON STOCK
RVMD,COMMON STOCK
REYN,COMMON STOCK
RZLT,COMMON STOCK
RZLV,COMMON STOCK
RFAI,COMMON STOCK
RFAC,COMMON STOCK
RFIL,COMMON STOCK
RGCO,COMMON STOCK
RBKB,COMMON STOCK
RYTM,COMMON STOCK
RBBN,COMMON STOCK
RELL,COMMON STOCK
RMBI,COMMON STOCK
RR,COMMON STOCK
RIGL,COMMON STOCK
RGTI,COMMON STOCK
RMNI,COMMON STOCK
RIOT,COMMON STOCK
RVSB,COMMON STOCK
RIVN,COMMON STOCK
RDZN,COMMON STOCK
HOOD,COMMON STOCK
RKLB,COMMON STOCK
RCKT,COMMON STOCK
RMTI,COMMON STOCK
RCKY,COMMON STOCK
RMCF,COMMON STOCK
ROIV,COMMON STOCK
ROKU,COMMON STOCK
ROMA,COMMON STOCK
ROOT,COMMON STOCK
ROP,COMMON STOCK
ROST,COMMON STOCK
ROCL,COMMON STOCK
RGLD,COMMON STOCK
RMCO,COMMON STOCK
RPRX,COMMON STOCK
RUM,COMMON STOCK
RMBL,COMMON STOCK
RWAY,COMMON STOCK
RUSHA,COMMON STOCK
RUSHB,COMMON STOCK
RXST,COMMON STOCK
RVYL,COMMON STOCK
STBA,COMMON STOCK
SANW,COMMON STOCK
SABS,COMMON STOCK
SBRA,COMMON STOCK
SABR,COMMON STOCK
SPGC,COMMON STOCK
SDOT,COMMON STOCK
SGBX,COMMON STOCK
SGD,COMMON STOCK
SPAI,COMMON STOCK
SAFT,COMMON STOCK
SHOT,COMMON STOCK
SHOTW,COMMON STOCK
SAG,COMMON STOCK
SGA,COMMON STOCK
SAGE,COMMON STOCK
SGMT,COMMON STOCK
SAIA,COMMON STOCK
SAIH,COMMON STOCK
SLRX,COMMON STOCK
SFHG,COMMON STOCK
SANA,COMMON STOCK
SMTI,COMMON STOCK
SASR,COMMON STOCK
SGMO,COMMON STOCK
SANG,COMMON STOCK
SANM,COMMON STOCK
SPNS,COMMON STOCK
SRPT,COMMON STOCK
SATL,COMMON STOCK
SVRA,COMMON STOCK
SBFG,COMMON STOCK
SBAC,COMMON STOCK
SBC,COMMON STOCK
SCSC,COMMON STOCK
SHMD,COMMON STOCK
SRRK,COMMON STOCK
SCHL,COMMON STOCK
SDGR,COMMON STOCK
SAIC,COMMON STOCK
SJ,COMMON STOCK
SCNX,COMMON STOCK
SCLX,COMMON STOCK
SPRC,COMMON STOCK
SCPH,COMMON STOCK
WORX,COMMON STOCK
SCYX,COMMON STOCK
SBCF,COMMON STOCK
STX,COMMON STOCK
LAES,COMMON STOCK
SHIP,COMMON STOCK
ICU,COMMON STOCK
SCWX,COMMON STOCK
SNFCA,COMMON STOCK
SEER,COMMON STOCK
SEIC,COMMON STOCK
SIGI,COMMON STOCK
SLS,COMMON STOCK
LEDS,COMMON STOCK
SELX,COMMON STOCK
SMLR,COMMON STOCK
SMTC,COMMON STOCK
SENEA,COMMON STOCK
SENEB,COMMON STOCK
SNES,COMMON STOCK
AIHS,COMMON STOCK
SNSE,COMMON STOCK
SNT,COMMON STOCK
SRTS,COMMON STOCK
SNTG,COMMON STOCK
SNTI,COMMON STOCK
SEPN,COMMON STOCK
SERA,COMMON STOCK
MCRB,COMMON STOCK
SERV,COMMON STOCK
SVC,COMMON STOCK
SEVN,COMMON STOCK
SEZL,COMMON STOCK
SBET,COMMON STOCK
STSS,COMMON STOCK
STTK,COMMON STOCK
SHEN,COMMON STOCK
SFWL,COMMON STOCK
SHFS,COMMON STOCK
SHIM,COMMON STOCK
SISI,COMMON STOCK
SHLS,COMMON STOCK
SCVL,COMMON STOCK
SHBI,COMMON STOCK
SHPH,COMMON STOCK
SIBN,COMMON STOCK
SIDU,COMMON STOCK
SIEB,COMMON STOCK
BSRR,COMMON STOCK
SIGA,COMMON STOCK
SGHT,COMMON STOCK
SGML,COMMON STOCK
SGMA,COMMON STOCK
SLXN,COMMON STOCK
SILC,COMMON STOCK
SLAB,COMMON STOCK
SILO,COMMON STOCK
SVCO,COMMON STOCK
SAMG,COMMON STOCK
SIMA,COMMON STOCK
SFNC,COMMON STOCK
SPPL,COMMON STOCK
SLP,COMMON STOCK
SBGI,COMMON STOCK
OMIC,COMMON STOCK
SGLY,COMMON STOCK
SINT,COMMON STOCK
SIRI,COMMON STOCK
SITM,COMMON STOCK
SYTA,COMMON STOCK
SJW,COMMON STOCK
SKGR,COMMON STOCK
EDTK,COMMON STOCK
SKK,COMMON STOCK
SKYQ,COMMON STOCK
SKYE,COMMON STOCK
SKWD,COMMON STOCK
SKYT,COMMON STOCK
SKYW,COMMON STOCK
SWKS,COMMON STOCK
SKYX,COMMON STOCK
SNBR,COMMON STOCK
SLM,COMMON STOCK
SLRC,COMMON STOCK
CREG,COMMON STOCK
SND,COMMON STOCK
SMTK,COMMON STOCK
SWBI,COMMON STOCK
SMSI,COMMON STOCK
SMID,COMMON STOCK
SMX,COMMON STOCK
SNAL,COMMON STOCK
SNDL,COMMON STOCK
LITM,COMMON STOCK
SOBR,COMMON STOCK
SOPA,COMMON STOCK
SCKT,COMMON STOCK
SOFI,COMMON STOCK
SLGL,COMMON STOCK
SUUN,COMMON STOCK
SEDG,COMMON STOCK
SMXT,COMMON STOCK
SLNO,COMMON STOCK
SLDB,COMMON STOCK
SLDP,COMMON STOCK
SLDPW,COMMON STOCK
STI,COMMON STOCK
SNGX,COMMON STOCK
SWIN,COMMON STOCK
SLNH,COMMON STOCK
SOND,COMMON STOCK
SONM,COMMON STOCK
SONN,COMMON STOCK
SOTK,COMMON STOCK
SNOA,COMMON STOCK
SONO,COMMON STOCK
SOPH,COMMON STOCK
SHC,COMMON STOCK
SOHO,COMMON STOCK
SFBC,COMMON STOCK
SOUN,COMMON STOCK
SSTI,COMMON STOCK
SPFI,COMMON STOCK
SFST,COMMON STOCK
SMBC,COMMON STOCK
SSBK,COMMON STOCK
SOWG,COMMON STOCK
SGRP,COMMON STOCK
SPKL,COMMON STOCK
SPTN,COMMON STOCK
MDAI,COMMON STOCK
SPRO,COMMON STOCK
ANY,COMMON STOCK
SPI,COMMON STOCK
SPOK,COMMON STOCK
SRAD,COMMON STOCK
SPWH,COMMON STOCK
SVII,COMMON STOCK
SPHL,COMMON STOCK
SWTX,COMMON STOCK
FUND,COMMON STOCK
SPT,COMMON STOCK
SFM,COMMON STOCK
SPRB,COMMON STOCK
SPSC,COMMON STOCK
SYRE,COMMON STOCK
SRBK,COMMON STOCK
SVMH,COMMON STOCK
SRM,COMMON STOCK
SSNC,COMMON STOCK
SSRM,COMMON STOCK
STAA,COMMON STOCK
SLNG,COMMON STOCK
STAF,COMMON STOCK
STGW,COMMON STOCK
LAB,COMMON STOCK
SBLK,COMMON STOCK
STRR,COMMON STOCK
STFS,COMMON STOCK
STHO,COMMON STOCK
STBX,COMMON STOCK
SBUX,COMMON STOCK
SDST,COMMON STOCK
GASS,COMMON STOCK
STCN,COMMON STOCK
STLD,COMMON STOCK
STEP,COMMON STOCK
SBT,COMMON STOCK
STRL,COMMON STOCK
SHOO,COMMON STOCK
SFIX,COMMON STOCK
SYBT,COMMON STOCK
STOK,COMMON STOCK
STNE,COMMON STOCK
SNEX,COMMON STOCK
SWAG,COMMON STOCK
SSKN,COMMON STOCK
SSYS,COMMON STOCK
STRA,COMMON STOCK
STRT,COMMON STOCK
STRS,COMMON STOCK
STRM,COMMON STOCK
SDIG,COMMON STOCK
SNAX,COMMON STOCK
SUGP,COMMON STOCK
SSBI,COMMON STOCK
SMMT,COMMON STOCK
SNCY,COMMON STOCK
SUNE,COMMON STOCK
SDA,COMMON STOCK
STKL,COMMON STOCK
EPOW,COMMON STOCK
SUNS,COMMON STOCK
RUN,COMMON STOCK
SBFM,COMMON STOCK
SLE,COMMON STOCK
SMCI,COMMON STOCK
SPCB,COMMON STOCK
SGC,COMMON STOCK
SUPN,COMMON STOCK
SURG,COMMON STOCK
SGRY,COMMON STOCK
SRDX,COMMON STOCK
SSSS,COMMON STOCK
SRZN,COMMON STOCK
STRO,COMMON STOCK
IVCP,COMMON STOCK
SWKH,COMMON STOCK
SWVL,COMMON STOCK
SYM,COMMON STOCK
SYNA,COMMON STOCK
SNPX,COMMON STOCK
SNCR,COMMON STOCK
SNDX,COMMON STOCK
SNYR,COMMON STOCK
SYBX,COMMON STOCK
SNPS,COMMON STOCK
OPTX,COMMON STOCK
SYPR,COMMON STOCK
SYRA,COMMON STOCK
SYRS,COMMON STOCK
IDAI,COMMON STOCK
TMUS,COMMON STOCK
TROW,COMMON STOCK
TTOO,COMMON STOCK
TBLA,COMMON STOCK
TCMD,COMMON STOCK
TAIT,COMMON STOCK
TTWO,COMMON STOCK
TLN,COMMON STOCK
TALK,COMMON STOCK
TLPH,COMMON STOCK
TNDM,COMMON STOCK
TLF,COMMON STOCK
TNGX,COMMON STOCK
TANH,COMMON STOCK
TAOP,COMMON STOCK
TGAA,COMMON STOCK
TH,COMMON STOCK
TARS,COMMON STOCK
TASK,COMMON STOCK
TATT,COMMON STOCK
TAYD,COMMON STOCK
TSHA,COMMON STOCK
PETZ,COMMON STOCK
TETE,COMMON STOCK
TPCS,COMMON STOCK
TTGT,COMMON STOCK
TECX,COMMON STOCK
TELA,COMMON STOCK
TSAT,COMMON STOCK
TELO,COMMON STOCK
TLS,COMMON STOCK
TPST,COMMON STOCK
TEM,COMMON STOCK
TENB,COMMON STOCK
TENX,COMMON STOCK
TNYA,COMMON STOCK
TNON,COMMON STOCK
TER,COMMON STOCK
WULF,COMMON STOCK
TERN,COMMON STOCK
TBNK,COMMON STOCK
TSLA,COMMON STOCK
TTEK,COMMON STOCK
TVGN,COMMON STOCK
TCBI,COMMON STOCK
TCBS,COMMON STOCK
TXN,COMMON STOCK
TXRH,COMMON STOCK
TFFP,COMMON STOCK
TFSL,COMMON STOCK
TGTX,COMMON STOCK
THCH,COMMON STOCK
THAR,COMMON STOCK
ANDE,COMMON STOCK
BWIN,COMMON STOCK
TBBK,COMMON STOCK
SKIN,COMMON STOCK
CPB,COMMON STOCK
CG,COMMON STOCK
CAKE,COMMON STOCK
CHEF,COMMON STOCK
PLCE,COMMON STOCK
COO,COMMON STOCK
DSGX,COMMON STOCK
SSP,COMMON STOCK
EML,COMMON STOCK
ENSG,COMMON STOCK
FNLC,COMMON STOCK
FLIC,COMMON STOCK
VRAR,COMMON STOCK
GT,COMMON STOCK
HCKT,COMMON STOCK
HAIN,COMMON STOCK
CUBA,COMMON STOCK
HNST,COMMON STOCK
INTG,COMMON STOCK
JYNT,COMMON STOCK
KHC,COMMON STOCK
LOVE,COMMON STOCK
MIDD,COMMON STOCK
ODP,COMMON STOCK
OLB,COMMON STOCK
TOI,COMMON STOCK
STKS,COMMON STOCK
PNTG,COMMON STOCK
REAX,COMMON STOCK
RGF,COMMON STOCK
REAL,COMMON STOCK
RMR,COMMON STOCK
SHYF,COMMON STOCK
SMPL,COMMON STOCK
TTD,COMMON STOCK
COCO,COMMON STOCK
WEN,COMMON STOCK
YORW,COMMON STOCK
TXMD,COMMON STOCK
THTX,COMMON STOCK
TBPH,COMMON STOCK
TCBX,COMMON STOCK
THRD,COMMON STOCK
TDUP,COMMON STOCK
THRY,COMMON STOCK
TZUP,COMMON STOCK
THCP,COMMON STOCK
AIEV,COMMON STOCK
TIRX,COMMON STOCK
TYGO,COMMON STOCK
TTSH,COMMON STOCK
TLRY,COMMON STOCK
TSBK,COMMON STOCK
TIPT,COMMON STOCK
TITN,COMMON STOCK
TTNP,COMMON STOCK
TIVC,COMMON STOCK
TLSA,COMMON STOCK
TLGY,COMMON STOCK
TMC,COMMON STOCK
TNFA,COMMON STOCK
TOMZ,COMMON STOCK
TNXP,COMMON STOCK
TOP,COMMON STOCK
WAI,COMMON STOCK
TWG,COMMON STOCK
TRMD,COMMON STOCK
TORO,COMMON STOCK
TRML,COMMON STOCK
TSEM,COMMON STOCK
TOWN,COMMON STOCK
TOYO,COMMON STOCK
TPG,COMMON STOCK
TPIC,COMMON STOCK
TSCO,COMMON STOCK
TW,COMMON STOCK
TBMC,COMMON STOCK
TACT,COMMON STOCK
TRNS,COMMON STOCK
RNAZ,COMMON STOCK
TMDX,COMMON STOCK
TZOO,COMMON STOCK
TVTX,COMMON STOCK
TRAW,COMMON STOCK
TMCI,COMMON STOCK
TGL,COMMON STOCK
TRVI,COMMON STOCK
TCBK,COMMON STOCK
ILLR,COMMON STOCK
TRS,COMMON STOCK
TRMB,COMMON STOCK
TRIN,COMMON STOCK
TRIP,COMMON STOCK
TLSI,COMMON STOCK
TFIN,COMMON STOCK
TROO,COMMON STOCK
TBRG,COMMON STOCK
TRUE,COMMON STOCK
TRUG,COMMON STOCK
DJT,COMMON STOCK
TRUP,COMMON STOCK
TRST,COMMON STOCK
TRMK,COMMON STOCK
TCRX,COMMON STOCK
TSSI,COMMON STOCK
TTEC,COMMON STOCK
TTMI,COMMON STOCK
TCX,COMMON STOCK
HURA,COMMON STOCK
TRSG,COMMON STOCK
TSBX,COMMON STOCK
HEAR,COMMON STOCK
TWFG,COMMON STOCK
TWIN,COMMON STOCK
VEEE,COMMON STOCK
TWST,COMMON STOCK
TYRA,COMMON STOCK
UCAR,COMMON STOCK
UBXG,COMMON STOCK
USEG,COMMON STOCK
GROW,COMMON STOCK
USAU,COMMON STOCK
USGO,COMMON STOCK
UK,COMMON STOCK
UDMY,COMMON STOCK
UFPI,COMMON STOCK
UFPT,COMMON STOCK
ULTA,COMMON STOCK
UCTT,COMMON STOCK
RARE,COMMON STOCK
ULBI,COMMON STOCK
UMBF,COMMON STOCK
UNCY,COMMON STOCK
UNB,COMMON STOCK
QURE,COMMON STOCK
UAL,COMMON STOCK
UBCP,COMMON STOCK
UBSI,COMMON STOCK
UFCS,COMMON STOCK
UHG,COMMON STOCK
USEA,COMMON STOCK
UBFO,COMMON STOCK
USLM,COMMON STOCK
UTHR,COMMON STOCK
UG,COMMON STOCK
UNIT,COMMON STOCK
UNTY,COMMON STOCK
UBX,COMMON STOCK
OLED,COMMON STOCK
UEIC,COMMON STOCK
ULH,COMMON STOCK
USAP,COMMON STOCK
UPC,COMMON STOCK
UVSP,COMMON STOCK
UPBD,COMMON STOCK
UPXI,COMMON STOCK
UPLD,COMMON STOCK
UPST,COMMON STOCK
UPB,COMMON STOCK
UPWK,COMMON STOCK
UROY,COMMON STOCK
UONE,COMMON STOCK
UONEK,COMMON STOCK
URBN,COMMON STOCK
UGRO,COMMON STOCK
ULY,COMMON STOCK
URGN,COMMON STOCK
USCB,COMMON STOCK
USIO,COMMON STOCK
UTMD,COMMON STOCK
WTO,COMMON STOCK
UTSI,COMMON STOCK
VCSA,COMMON STOCK
VCNX,COMMON STOCK
VLY,COMMON STOCK
VALU,COMMON STOCK
VMCA,COMMON STOCK
VNDA,COMMON STOCK
VREX,COMMON STOCK
VRNS,COMMON STOCK
VSTE,COMMON STOCK
VSTA,COMMON STOCK
VXRT,COMMON STOCK
PCVX,COMMON STOCK
VCIG,COMMON STOCK
VEEA,COMMON STOCK
VECO,COMMON STOCK
VTYX,COMMON STOCK
VERO,COMMON STOCK
VRA,COMMON STOCK
VERA,COMMON STOCK
VCYT,COMMON STOCK
VSTM,COMMON STOCK
VERB,COMMON STOCK
VGAS,COMMON STOCK
VCEL,COMMON STOCK
VRME,COMMON STOCK
VRNT,COMMON STOCK
VRSN,COMMON STOCK
VRSK,COMMON STOCK
VBTX,COMMON STOCK
VERI,COMMON STOCK
VZ,COMMON STOCK
VRRM,COMMON STOCK
VRCA,COMMON STOCK
VBNK,COMMON STOCK
VS,COMMON STOCK
VRTX,COMMON STOCK
VERX,COMMON STOCK
VERU,COMMON STOCK
VERV,COMMON STOCK
DSP,COMMON STOCK
VSAT,COMMON STOCK
VTRS,COMMON STOCK
VIAV,COMMON STOCK
VICR,COMMON STOCK
VCTR,COMMON STOCK
VMD,COMMON STOCK
VIGL,COMMON STOCK
VKTX,COMMON STOCK
VBFC,COMMON STOCK
VFF,COMMON STOCK
VLGEA,COMMON STOCK
VMEO,COMMON STOCK
VINC,COMMON STOCK
VINP,COMMON STOCK
VCIC,COMMON STOCK
VFS,COMMON STOCK
VNOM,COMMON STOCK
VIR,COMMON STOCK
VIRX,COMMON STOCK
VRAX,COMMON STOCK
VIRC,COMMON STOCK
VABK,COMMON STOCK
VRDN,COMMON STOCK
VRPX,COMMON STOCK
VTSI,COMMON STOCK
VIRT,COMMON STOCK
VMAR,COMMON STOCK
GV,COMMON STOCK
VISL,COMMON STOCK
VTGN,COMMON STOCK
VC,COMMON STOCK
VITL,COMMON STOCK
VIVK,COMMON STOCK
VANI,COMMON STOCK
SEAT,COMMON STOCK
VVPR,COMMON STOCK
VVOS,COMMON STOCK
VLCN,COMMON STOCK
VOR,COMMON STOCK
VOXR,COMMON STOCK
VOXX,COMMON STOCK
VACH,COMMON STOCK
VYGR,COMMON STOCK
VRM,COMMON STOCK
VSME,COMMON STOCK
VSEC,COMMON STOCK
VSEE,COMMON STOCK
VTVT,COMMON STOCK
VUZI,COMMON STOCK
VYNE,COMMON STOCK
WAFD,COMMON STOCK
WAFDP,COMMON STOCK
PET,COMMON STOCK
WAFU,COMMON STOCK
WALD,COMMON STOCK
WBA,COMMON STOCK
WLGS,COMMON STOCK
WBD,COMMON STOCK
WMG,COMMON STOCK
WASH,COMMON STOCK
WSBF,COMMON STOCK
WVE,COMMON STOCK
WAY,COMMON STOCK
WDFC,COMMON STOCK
WLDS,COMMON STOCK
WFRD,COMMON STOCK
WBTN,COMMON STOCK
WBUY,COMMON STOCK
WCT,COMMON STOCK
WTMA,COMMON STOCK
HOWL,COMMON STOCK
WERN,COMMON STOCK
WSBC,COMMON STOCK
WTBA,COMMON STOCK
WABC,COMMON STOCK
WAVS,COMMON STOCK
WDC,COMMON STOCK
WNEB,COMMON STOCK
WPRT,COMMON STOCK
WEST,COMMON STOCK
WETH,COMMON STOCK
WEYS,COMMON STOCK
WHLR,COMMON STOCK
WFCF,COMMON STOCK
WHF,COMMON STOCK
WHLM,COMMON STOCK
WVVI,COMMON STOCK
WLDN,COMMON STOCK
WMPN,COMMON STOCK
WLFC,COMMON STOCK
WTW,COMMON STOCK
WSC,COMMON STOCK
WINT,COMMON STOCK
WING,COMMON STOCK
WINA,COMMON STOCK
WTFC,COMMON STOCK
WINV,COMMON STOCK
WISA,COMMON STOCK
WIX,COMMON STOCK
MAPS,COMMON STOCK
WWD,COMMON STOCK
WOK,COMMON STOCK
WDAY,COMMON STOCK
WKHS,COMMON STOCK
WKSP,COMMON STOCK
WRLD,COMMON STOCK
WRAP,COMMON STOCK
WSFS,COMMON STOCK
WW,COMMON STOCK
WYNN,COMMON STOCK
XTKG,COMMON STOCK
XFOR,COMMON STOCK
XBIT,COMMON STOCK
XBP,COMMON STOCK
XELB,COMMON STOCK
XEL,COMMON STOCK
XNCR,COMMON STOCK
XBIO,COMMON STOCK
XENE,COMMON STOCK
XERS,COMMON STOCK
XRX,COMMON STOCK
XLO,COMMON STOCK
XOMA,COMMON STOCK
XMTR,COMMON STOCK
XRTX,COMMON STOCK
XOS,COMMON STOCK
XP,COMMON STOCK
XPEL,COMMON STOCK
XTIA,COMMON STOCK
XWEL,COMMON STOCK
YMAB,COMMON STOCK
YTRA,COMMON STOCK
YHNA,COMMON STOCK
YOSH,COMMON STOCK
YOTA,COMMON STOCK
YHGJ,COMMON STOCK
YYGH,COMMON STOCK
ZAPP,COMMON STOCK
ZBRA,COMMON STOCK
ZBIO,COMMON STOCK
ZENA,COMMON STOCK
ZNTL,COMMON STOCK
ZTEK,COMMON STOCK
ZENV,COMMON STOCK
ZEO,COMMON STOCK
ZVRA,COMMON STOCK
ZBAO,COMMON STOCK
ZCMD,COMMON STOCK
ZD,COMMON STOCK
Z,COMMON STOCK
ZG,COMMON STOCK
ZIMV,COMMON STOCK
ZION,COMMON STOCK
ZJK,COMMON STOCK
ZKIN,COMMON STOCK
ZM,COMMON STOCK
ZCAR,COMMON STOCK
ZI,COMMON STOCK
ZOOZ,COMMON STOCK
ZS,COMMON STOCK
ZUMZ,COMMON STOCK
ZURA,COMMON STOCK
CNET,COMMON STOCK
ZYME,COMMON STOCK
ZYXI,COMMON STOCK
ZVSA,COMMON STOCK